--
-- PostgreSQL database dump
--

-- Dumped from database version 10.17 (Ubuntu 10.17-1.pgdg18.04+1)
-- Dumped by pg_dump version 11.13 (Ubuntu 11.13-1.pgdg18.04+1)

SET statement_timeout = 0;
SET lock_timeout = 0;
SET idle_in_transaction_session_timeout = 0;
SET client_encoding = 'UTF8';
SET standard_conforming_strings = on;
SELECT pg_catalog.set_config('search_path', '', false);
SET check_function_bodies = false;
SET xmloption = content;
SET client_min_messages = warning;
SET row_security = off;

SET default_tablespace = '';

SET default_with_oids = false;

--
-- Name: auth_group; Type: TABLE; Schema: public; Owner: -
--

CREATE TABLE public.auth_group (
    id integer NOT NULL,
    name character varying(150) NOT NULL
);


--
-- Name: auth_group_id_seq; Type: SEQUENCE; Schema: public; Owner: -
--

CREATE SEQUENCE public.auth_group_id_seq
    AS integer
    START WITH 1
    INCREMENT BY 1
    NO MINVALUE
    NO MAXVALUE
    CACHE 1;


--
-- Name: auth_group_id_seq; Type: SEQUENCE OWNED BY; Schema: public; Owner: -
--

ALTER SEQUENCE public.auth_group_id_seq OWNED BY public.auth_group.id;


--
-- Name: auth_group_permissions; Type: TABLE; Schema: public; Owner: -
--

CREATE TABLE public.auth_group_permissions (
    id bigint NOT NULL,
    group_id integer NOT NULL,
    permission_id integer NOT NULL
);


--
-- Name: auth_group_permissions_id_seq; Type: SEQUENCE; Schema: public; Owner: -
--

CREATE SEQUENCE public.auth_group_permissions_id_seq
    START WITH 1
    INCREMENT BY 1
    NO MINVALUE
    NO MAXVALUE
    CACHE 1;


--
-- Name: auth_group_permissions_id_seq; Type: SEQUENCE OWNED BY; Schema: public; Owner: -
--

ALTER SEQUENCE public.auth_group_permissions_id_seq OWNED BY public.auth_group_permissions.id;


--
-- Name: auth_permission; Type: TABLE; Schema: public; Owner: -
--

CREATE TABLE public.auth_permission (
    id integer NOT NULL,
    name character varying(255) NOT NULL,
    content_type_id integer NOT NULL,
    codename character varying(100) NOT NULL
);


--
-- Name: auth_permission_id_seq; Type: SEQUENCE; Schema: public; Owner: -
--

CREATE SEQUENCE public.auth_permission_id_seq
    AS integer
    START WITH 1
    INCREMENT BY 1
    NO MINVALUE
    NO MAXVALUE
    CACHE 1;


--
-- Name: auth_permission_id_seq; Type: SEQUENCE OWNED BY; Schema: public; Owner: -
--

ALTER SEQUENCE public.auth_permission_id_seq OWNED BY public.auth_permission.id;


--
-- Name: auth_user; Type: TABLE; Schema: public; Owner: -
--

CREATE TABLE public.auth_user (
    id integer NOT NULL,
    password character varying(128) NOT NULL,
    last_login timestamp with time zone,
    is_superuser boolean NOT NULL,
    username character varying(150) NOT NULL,
    first_name character varying(150) NOT NULL,
    last_name character varying(150) NOT NULL,
    email character varying(254) NOT NULL,
    is_staff boolean NOT NULL,
    is_active boolean NOT NULL,
    date_joined timestamp with time zone NOT NULL
);


--
-- Name: auth_user_groups; Type: TABLE; Schema: public; Owner: -
--

CREATE TABLE public.auth_user_groups (
    id bigint NOT NULL,
    user_id integer NOT NULL,
    group_id integer NOT NULL
);


--
-- Name: auth_user_groups_id_seq; Type: SEQUENCE; Schema: public; Owner: -
--

CREATE SEQUENCE public.auth_user_groups_id_seq
    START WITH 1
    INCREMENT BY 1
    NO MINVALUE
    NO MAXVALUE
    CACHE 1;


--
-- Name: auth_user_groups_id_seq; Type: SEQUENCE OWNED BY; Schema: public; Owner: -
--

ALTER SEQUENCE public.auth_user_groups_id_seq OWNED BY public.auth_user_groups.id;


--
-- Name: auth_user_id_seq; Type: SEQUENCE; Schema: public; Owner: -
--

CREATE SEQUENCE public.auth_user_id_seq
    AS integer
    START WITH 1
    INCREMENT BY 1
    NO MINVALUE
    NO MAXVALUE
    CACHE 1;


--
-- Name: auth_user_id_seq; Type: SEQUENCE OWNED BY; Schema: public; Owner: -
--

ALTER SEQUENCE public.auth_user_id_seq OWNED BY public.auth_user.id;


--
-- Name: auth_user_user_permissions; Type: TABLE; Schema: public; Owner: -
--

CREATE TABLE public.auth_user_user_permissions (
    id bigint NOT NULL,
    user_id integer NOT NULL,
    permission_id integer NOT NULL
);


--
-- Name: auth_user_user_permissions_id_seq; Type: SEQUENCE; Schema: public; Owner: -
--

CREATE SEQUENCE public.auth_user_user_permissions_id_seq
    START WITH 1
    INCREMENT BY 1
    NO MINVALUE
    NO MAXVALUE
    CACHE 1;


--
-- Name: auth_user_user_permissions_id_seq; Type: SEQUENCE OWNED BY; Schema: public; Owner: -
--

ALTER SEQUENCE public.auth_user_user_permissions_id_seq OWNED BY public.auth_user_user_permissions.id;


--
-- Name: catalog_author; Type: TABLE; Schema: public; Owner: -
--

CREATE TABLE public.catalog_author (
    author_id bigint NOT NULL,
    first_name character varying(100) NOT NULL,
    last_name character varying(100) NOT NULL,
    date_of_birth date,
    date_of_death date
);


--
-- Name: catalog_author_author_id_seq; Type: SEQUENCE; Schema: public; Owner: -
--

CREATE SEQUENCE public.catalog_author_author_id_seq
    START WITH 1
    INCREMENT BY 1
    NO MINVALUE
    NO MAXVALUE
    CACHE 1;


--
-- Name: catalog_author_author_id_seq; Type: SEQUENCE OWNED BY; Schema: public; Owner: -
--

ALTER SEQUENCE public.catalog_author_author_id_seq OWNED BY public.catalog_author.author_id;


--
-- Name: catalog_book; Type: TABLE; Schema: public; Owner: -
--

CREATE TABLE public.catalog_book (
    id bigint NOT NULL,
    isbn character varying(13) NOT NULL,
    title character varying(200) NOT NULL,
    price numeric(10,2) NOT NULL,
    path_to_cover_image character varying(101) NOT NULL,
    number_copies_stock integer NOT NULL,
    date date,
    score integer NOT NULL,
    slug character varying(40) NOT NULL,
    summary text NOT NULL
);


--
-- Name: catalog_book_author; Type: TABLE; Schema: public; Owner: -
--

CREATE TABLE public.catalog_book_author (
    id bigint NOT NULL,
    book_id bigint NOT NULL,
    author_id bigint NOT NULL
);


--
-- Name: catalog_book_author_id_seq; Type: SEQUENCE; Schema: public; Owner: -
--

CREATE SEQUENCE public.catalog_book_author_id_seq
    START WITH 1
    INCREMENT BY 1
    NO MINVALUE
    NO MAXVALUE
    CACHE 1;


--
-- Name: catalog_book_author_id_seq; Type: SEQUENCE OWNED BY; Schema: public; Owner: -
--

ALTER SEQUENCE public.catalog_book_author_id_seq OWNED BY public.catalog_book_author.id;


--
-- Name: catalog_book_id_seq; Type: SEQUENCE; Schema: public; Owner: -
--

CREATE SEQUENCE public.catalog_book_id_seq
    START WITH 1
    INCREMENT BY 1
    NO MINVALUE
    NO MAXVALUE
    CACHE 1;


--
-- Name: catalog_book_id_seq; Type: SEQUENCE OWNED BY; Schema: public; Owner: -
--

ALTER SEQUENCE public.catalog_book_id_seq OWNED BY public.catalog_book.id;


--
-- Name: catalog_comment; Type: TABLE; Schema: public; Owner: -
--

CREATE TABLE public.catalog_comment (
    comment_id bigint NOT NULL,
    date date,
    msg character varying(300) NOT NULL,
    book_id bigint,
    user_id integer NOT NULL
);


--
-- Name: catalog_comment_comment_id_seq; Type: SEQUENCE; Schema: public; Owner: -
--

CREATE SEQUENCE public.catalog_comment_comment_id_seq
    START WITH 1
    INCREMENT BY 1
    NO MINVALUE
    NO MAXVALUE
    CACHE 1;


--
-- Name: catalog_comment_comment_id_seq; Type: SEQUENCE OWNED BY; Schema: public; Owner: -
--

ALTER SEQUENCE public.catalog_comment_comment_id_seq OWNED BY public.catalog_comment.comment_id;


--
-- Name: django_admin_log; Type: TABLE; Schema: public; Owner: -
--

CREATE TABLE public.django_admin_log (
    id integer NOT NULL,
    action_time timestamp with time zone NOT NULL,
    object_id text,
    object_repr character varying(200) NOT NULL,
    action_flag smallint NOT NULL,
    change_message text NOT NULL,
    content_type_id integer,
    user_id integer NOT NULL,
    CONSTRAINT django_admin_log_action_flag_check CHECK ((action_flag >= 0))
);


--
-- Name: django_admin_log_id_seq; Type: SEQUENCE; Schema: public; Owner: -
--

CREATE SEQUENCE public.django_admin_log_id_seq
    AS integer
    START WITH 1
    INCREMENT BY 1
    NO MINVALUE
    NO MAXVALUE
    CACHE 1;


--
-- Name: django_admin_log_id_seq; Type: SEQUENCE OWNED BY; Schema: public; Owner: -
--

ALTER SEQUENCE public.django_admin_log_id_seq OWNED BY public.django_admin_log.id;


--
-- Name: django_content_type; Type: TABLE; Schema: public; Owner: -
--

CREATE TABLE public.django_content_type (
    id integer NOT NULL,
    app_label character varying(100) NOT NULL,
    model character varying(100) NOT NULL
);


--
-- Name: django_content_type_id_seq; Type: SEQUENCE; Schema: public; Owner: -
--

CREATE SEQUENCE public.django_content_type_id_seq
    AS integer
    START WITH 1
    INCREMENT BY 1
    NO MINVALUE
    NO MAXVALUE
    CACHE 1;


--
-- Name: django_content_type_id_seq; Type: SEQUENCE OWNED BY; Schema: public; Owner: -
--

ALTER SEQUENCE public.django_content_type_id_seq OWNED BY public.django_content_type.id;


--
-- Name: django_migrations; Type: TABLE; Schema: public; Owner: -
--

CREATE TABLE public.django_migrations (
    id bigint NOT NULL,
    app character varying(255) NOT NULL,
    name character varying(255) NOT NULL,
    applied timestamp with time zone NOT NULL
);


--
-- Name: django_migrations_id_seq; Type: SEQUENCE; Schema: public; Owner: -
--

CREATE SEQUENCE public.django_migrations_id_seq
    START WITH 1
    INCREMENT BY 1
    NO MINVALUE
    NO MAXVALUE
    CACHE 1;


--
-- Name: django_migrations_id_seq; Type: SEQUENCE OWNED BY; Schema: public; Owner: -
--

ALTER SEQUENCE public.django_migrations_id_seq OWNED BY public.django_migrations.id;


--
-- Name: django_session; Type: TABLE; Schema: public; Owner: -
--

CREATE TABLE public.django_session (
    session_key character varying(40) NOT NULL,
    session_data text NOT NULL,
    expire_date timestamp with time zone NOT NULL
);


--
-- Name: orders_order; Type: TABLE; Schema: public; Owner: -
--

CREATE TABLE public.orders_order (
    order_id bigint NOT NULL,
    first_name character varying(100) NOT NULL,
    last_name character varying(100) NOT NULL,
    email character varying(100) NOT NULL,
    address character varying(100) NOT NULL,
    postal_code character varying(100) NOT NULL,
    city character varying(100) NOT NULL,
    created date,
    updated date,
    paid boolean
);


--
-- Name: orders_order_order_id_seq; Type: SEQUENCE; Schema: public; Owner: -
--

CREATE SEQUENCE public.orders_order_order_id_seq
    START WITH 1
    INCREMENT BY 1
    NO MINVALUE
    NO MAXVALUE
    CACHE 1;


--
-- Name: orders_order_order_id_seq; Type: SEQUENCE OWNED BY; Schema: public; Owner: -
--

ALTER SEQUENCE public.orders_order_order_id_seq OWNED BY public.orders_order.order_id;


--
-- Name: orders_orderitem; Type: TABLE; Schema: public; Owner: -
--

CREATE TABLE public.orders_orderitem (
    order_item_id bigint NOT NULL,
    price numeric(6,2) NOT NULL,
    quantity integer NOT NULL,
    book_id bigint,
    order_id bigint
);


--
-- Name: orders_orderitem_order_item_id_seq; Type: SEQUENCE; Schema: public; Owner: -
--

CREATE SEQUENCE public.orders_orderitem_order_item_id_seq
    START WITH 1
    INCREMENT BY 1
    NO MINVALUE
    NO MAXVALUE
    CACHE 1;


--
-- Name: orders_orderitem_order_item_id_seq; Type: SEQUENCE OWNED BY; Schema: public; Owner: -
--

ALTER SEQUENCE public.orders_orderitem_order_item_id_seq OWNED BY public.orders_orderitem.order_item_id;


--
-- Name: auth_group id; Type: DEFAULT; Schema: public; Owner: -
--

ALTER TABLE ONLY public.auth_group ALTER COLUMN id SET DEFAULT nextval('public.auth_group_id_seq'::regclass);


--
-- Name: auth_group_permissions id; Type: DEFAULT; Schema: public; Owner: -
--

ALTER TABLE ONLY public.auth_group_permissions ALTER COLUMN id SET DEFAULT nextval('public.auth_group_permissions_id_seq'::regclass);


--
-- Name: auth_permission id; Type: DEFAULT; Schema: public; Owner: -
--

ALTER TABLE ONLY public.auth_permission ALTER COLUMN id SET DEFAULT nextval('public.auth_permission_id_seq'::regclass);


--
-- Name: auth_user id; Type: DEFAULT; Schema: public; Owner: -
--

ALTER TABLE ONLY public.auth_user ALTER COLUMN id SET DEFAULT nextval('public.auth_user_id_seq'::regclass);


--
-- Name: auth_user_groups id; Type: DEFAULT; Schema: public; Owner: -
--

ALTER TABLE ONLY public.auth_user_groups ALTER COLUMN id SET DEFAULT nextval('public.auth_user_groups_id_seq'::regclass);


--
-- Name: auth_user_user_permissions id; Type: DEFAULT; Schema: public; Owner: -
--

ALTER TABLE ONLY public.auth_user_user_permissions ALTER COLUMN id SET DEFAULT nextval('public.auth_user_user_permissions_id_seq'::regclass);


--
-- Name: catalog_author author_id; Type: DEFAULT; Schema: public; Owner: -
--

ALTER TABLE ONLY public.catalog_author ALTER COLUMN author_id SET DEFAULT nextval('public.catalog_author_author_id_seq'::regclass);


--
-- Name: catalog_book id; Type: DEFAULT; Schema: public; Owner: -
--

ALTER TABLE ONLY public.catalog_book ALTER COLUMN id SET DEFAULT nextval('public.catalog_book_id_seq'::regclass);


--
-- Name: catalog_book_author id; Type: DEFAULT; Schema: public; Owner: -
--

ALTER TABLE ONLY public.catalog_book_author ALTER COLUMN id SET DEFAULT nextval('public.catalog_book_author_id_seq'::regclass);


--
-- Name: catalog_comment comment_id; Type: DEFAULT; Schema: public; Owner: -
--

ALTER TABLE ONLY public.catalog_comment ALTER COLUMN comment_id SET DEFAULT nextval('public.catalog_comment_comment_id_seq'::regclass);


--
-- Name: django_admin_log id; Type: DEFAULT; Schema: public; Owner: -
--

ALTER TABLE ONLY public.django_admin_log ALTER COLUMN id SET DEFAULT nextval('public.django_admin_log_id_seq'::regclass);


--
-- Name: django_content_type id; Type: DEFAULT; Schema: public; Owner: -
--

ALTER TABLE ONLY public.django_content_type ALTER COLUMN id SET DEFAULT nextval('public.django_content_type_id_seq'::regclass);


--
-- Name: django_migrations id; Type: DEFAULT; Schema: public; Owner: -
--

ALTER TABLE ONLY public.django_migrations ALTER COLUMN id SET DEFAULT nextval('public.django_migrations_id_seq'::regclass);


--
-- Name: orders_order order_id; Type: DEFAULT; Schema: public; Owner: -
--

ALTER TABLE ONLY public.orders_order ALTER COLUMN order_id SET DEFAULT nextval('public.orders_order_order_id_seq'::regclass);


--
-- Name: orders_orderitem order_item_id; Type: DEFAULT; Schema: public; Owner: -
--

ALTER TABLE ONLY public.orders_orderitem ALTER COLUMN order_item_id SET DEFAULT nextval('public.orders_orderitem_order_item_id_seq'::regclass);


--
-- Data for Name: auth_group; Type: TABLE DATA; Schema: public; Owner: -
--

COPY public.auth_group (id, name) FROM stdin;
\.


--
-- Data for Name: auth_group_permissions; Type: TABLE DATA; Schema: public; Owner: -
--

COPY public.auth_group_permissions (id, group_id, permission_id) FROM stdin;
\.


--
-- Data for Name: auth_permission; Type: TABLE DATA; Schema: public; Owner: -
--

COPY public.auth_permission (id, name, content_type_id, codename) FROM stdin;
1	Can add log entry	1	add_logentry
2	Can change log entry	1	change_logentry
3	Can delete log entry	1	delete_logentry
4	Can view log entry	1	view_logentry
5	Can add permission	2	add_permission
6	Can change permission	2	change_permission
7	Can delete permission	2	delete_permission
8	Can view permission	2	view_permission
9	Can add group	3	add_group
10	Can change group	3	change_group
11	Can delete group	3	delete_group
12	Can view group	3	view_group
13	Can add user	4	add_user
14	Can change user	4	change_user
15	Can delete user	4	delete_user
16	Can view user	4	view_user
17	Can add content type	5	add_contenttype
18	Can change content type	5	change_contenttype
19	Can delete content type	5	delete_contenttype
20	Can view content type	5	view_contenttype
21	Can add session	6	add_session
22	Can change session	6	change_session
23	Can delete session	6	delete_session
24	Can view session	6	view_session
25	Can add author	7	add_author
26	Can change author	7	change_author
27	Can delete author	7	delete_author
28	Can view author	7	view_author
29	Can add book	8	add_book
30	Can change book	8	change_book
31	Can delete book	8	delete_book
32	Can view book	8	view_book
33	Can add comment	9	add_comment
34	Can change comment	9	change_comment
35	Can delete comment	9	delete_comment
36	Can view comment	9	view_comment
37	Can add order	10	add_order
38	Can change order	10	change_order
39	Can delete order	10	delete_order
40	Can view order	10	view_order
41	Can add order item	11	add_orderitem
42	Can change order item	11	change_orderitem
43	Can delete order item	11	delete_orderitem
44	Can view order item	11	view_orderitem
\.


--
-- Data for Name: auth_user; Type: TABLE DATA; Schema: public; Owner: -
--

COPY public.auth_user (id, password, last_login, is_superuser, username, first_name, last_name, email, is_staff, is_active, date_joined) FROM stdin;
2	pbkdf2_sha256$260000$9ggr7i7MeoQZjFQYIWjiTa$I8scBZfVE9rY9+1z8SX12cH8nW5JmT1RVHAKqvhb8YY=	\N	t	alumnodb			admin@myproject.com	t	t	2021-12-18 22:33:42.05941+01
3	pbkdf2_sha256$260000$JV6LsmhzuX9QaWrXngm9FP$Qz4QotFvWykDZEdBarpr3Ov+WQtmoJjmAxwudMz+48o=	\N	f	RHall76	Richard	Hall	RichardHall@mail.com	f	t	2021-12-18 22:33:42.459068+01
4	pbkdf2_sha256$260000$en0zFRJhPh2fHhrE1guk0t$YWkYydSOr+ZdfH2j6BM2ZlsrbORRIBZox/KqL7TOrHc=	\N	f	NHill32	Natalie	Hill	NatalieHill@mail.com	f	t	2021-12-18 22:33:42.915206+01
5	pbkdf2_sha256$260000$a9udPxMRjA789DWRK5FAbT$Za/Bk/RU5wqb4B++C3tcsxQOC9EXA5wslUipA799vzU=	\N	f	CBlackwell63	Cody	Blackwell	CodyBlackwell@mail.com	f	t	2021-12-18 22:33:43.296396+01
6	pbkdf2_sha256$260000$MB81cmprfwTAVcNRhVnHr2$IEC5FDkMqTGXYGpudvu/3xXLA8jgQJwGEJEyFWvTM3U=	\N	f	DRios40	David	Rios	DavidRios@mail.com	f	t	2021-12-18 22:33:43.693722+01
7	pbkdf2_sha256$260000$SLxCmwr2tjiqZIRgKfYIC7$d72LuKHCFSZDBWnG7f2b8nYC8GAKW8VPhwwN3sz7eDQ=	\N	f	KWalker87	Kenneth	Walker	KennethWalker@mail.com	f	t	2021-12-18 22:33:44.164973+01
8	pbkdf2_sha256$260000$LZSqM4O65jWu2NbIkSfeCh$35IswSkmXrYcVMEaDdusqWY9g/xQn0E/hHWz/GrbxiA=	\N	f	CHoffman48	Charles	Hoffman	CharlesHoffman@mail.com	f	t	2021-12-18 22:33:44.595594+01
9	pbkdf2_sha256$260000$UQuabODVX3Ee8ohXuGk0SC$h731OFB/9KiTpgHh710nUPjUjkJvTwtCoecvd0THgRA=	\N	f	TMiddleton50	Taylor	Middleton	TaylorMiddleton@mail.com	f	t	2021-12-18 22:33:45.032178+01
10	pbkdf2_sha256$260000$DleA3xKhfLmjp9DNM2WqIL$NZkvc1QL5iComqK9/YwTrZQhBPtWmNO0Gan6tVAIXrM=	\N	f	TWolfe25	Tanya	Wolfe	TanyaWolfe@mail.com	f	t	2021-12-18 22:33:45.468191+01
11	pbkdf2_sha256$260000$4JNAV7yWvWLP3tLuAwxrgY$Ojt657oPxgeypDSySpx3YqiVAuu3G+ouEKjNVhFxJjI=	\N	f	MCrawford10	Maureen	Crawford	MaureenCrawford@mail.com	f	t	2021-12-18 22:33:45.927275+01
12	pbkdf2_sha256$260000$VGoukVWxQlccdP6HEYUGJE$O6Q9KZSexV3t5YFg7Sl7+PqqtkcTj+kKiwPyXr9w23I=	\N	f	MOsborne36	Mary	Osborne	MaryOsborne@mail.com	f	t	2021-12-18 22:33:46.275143+01
13	pbkdf2_sha256$260000$5I2uhjTynrXByiPg98n0Vw$8V7OC3J9i04sagjqKYtgWeiLDrO71Iw+de9TzLs2Jlk=	\N	f	PRoberts96	Pamela	Roberts	PamelaRoberts@mail.com	f	t	2021-12-18 22:33:46.634926+01
14	pbkdf2_sha256$260000$d6GA671yuT859QmIjns85H$4mukMSMdPCljMctlhtIa243bxCg+2r7pEn5DO+WvFc0=	\N	f	LMoore41	Lisa	Moore	LisaMoore@mail.com	f	t	2021-12-18 22:33:46.984832+01
15	pbkdf2_sha256$260000$JUjYd2RRIwpJi227J47hN3$cmjOuVoRbMR2R6olMDhDzbojBt/3DzyHU016dcbU+/4=	\N	f	KScott62	Kathleen	Scott	KathleenScott@mail.com	f	t	2021-12-18 22:33:47.306519+01
16	pbkdf2_sha256$260000$IIyFXr4YMTkb3VCXLuimOC$Ub08iEDuRudMHAbQwNHWTIbVwHymBc5Olg0ohb5EXWg=	\N	f	CCole46	Charles	Cole	CharlesCole@mail.com	f	t	2021-12-18 22:33:47.672145+01
17	pbkdf2_sha256$260000$wO4TRbKKY0jPlq8zMvTvNf$1bMHsrcllGY4mzvurQUdOLSZu5yzD90zlVQzAU/Kgro=	\N	f	ALee17	Aaron	Lee	AaronLee@mail.com	f	t	2021-12-18 22:33:48.030465+01
18	pbkdf2_sha256$260000$gelD3WjKuLyZP9s3zJ8aPD$B51bdGp0N6LRP897izpdRTa00RWK5j6rtAF0C/UnQHA=	\N	f	RJuarez2	Robert	Juarez	RobertJuarez@mail.com	f	t	2021-12-18 22:33:48.319293+01
19	pbkdf2_sha256$260000$31nTwXI8qqAbIT5Fl9ublU$zpey1DHMEcg354i977ZbcmGC0tHO8pdMC9b68X0V7VM=	\N	f	KBuck14	Kimberly	Buck	KimberlyBuck@mail.com	f	t	2021-12-18 22:33:48.602332+01
20	pbkdf2_sha256$260000$JnQAneNmfkn363C6E8eqNh$9RMf6jqIgtzqei7a+QxKUTm1+0qHHxYmV09Ym08ykpI=	\N	f	MMccoy91	Marissa	Mccoy	MarissaMccoy@mail.com	f	t	2021-12-18 22:33:48.855577+01
21	pbkdf2_sha256$260000$0JxGONAM1yZfTcnhlrYFps$uZH4K58AttnrLWiqctmD2RHjqNDfYRQevbt4xHM9YnA=	\N	f	KLane95	Kaitlyn	Lane	KaitlynLane@mail.com	f	t	2021-12-18 22:33:49.126753+01
22	pbkdf2_sha256$260000$kSAVtHv10otumeGdo1WQJP$DwNNuaa/HSMTe5CiB8Gvdxv0bMYfnk2eBHZPGXIPq1U=	\N	f	KCherry41	Kimberly	Cherry	KimberlyCherry@mail.com	f	t	2021-12-18 22:33:49.397703+01
\.


--
-- Data for Name: auth_user_groups; Type: TABLE DATA; Schema: public; Owner: -
--

COPY public.auth_user_groups (id, user_id, group_id) FROM stdin;
\.


--
-- Data for Name: auth_user_user_permissions; Type: TABLE DATA; Schema: public; Owner: -
--

COPY public.auth_user_user_permissions (id, user_id, permission_id) FROM stdin;
\.


--
-- Data for Name: catalog_author; Type: TABLE DATA; Schema: public; Owner: -
--

COPY public.catalog_author (author_id, first_name, last_name, date_of_birth, date_of_death) FROM stdin;
1	Laura	Boone	1817-12-18	1839-12-18
2	Alison	Smith	1716-12-18	1799-12-18
3	Amanda	Mitchell	1914-12-31	\N
4	Robert	Holmes	1966-08-22	\N
5	Dillon	Thomas	1644-12-18	1672-12-18
6	Steven	Smith	1819-12-18	1858-12-18
7	Charles	Smith	2001-03-07	\N
8	Kevin	Jackson	1871-12-18	1945-12-18
9	April	Schultz	1539-12-18	1602-12-18
10	Robert	Dixon	1997-09-28	\N
\.


--
-- Data for Name: catalog_book; Type: TABLE DATA; Schema: public; Owner: -
--

COPY public.catalog_book (id, isbn, title, price, path_to_cover_image, number_copies_stock, date, score, slug, summary) FROM stdin;
1	9780703377265	Within thus tonight.	13.39	covers/1.png	8	1909-12-18	4	Within-thus-tonight.	Vote already water message add.\nStill guy push lay any learn recognize. Between exactly star full whether together political. Including method Congress sell rate like.\nAround any democratic score age.\nLay president way half woman American behavior. Bed many whether how trip time meet possible. Article response sign unit.\nSeries minute rise including. Theory bit myself later federal take tax.\nSchool last family western ask might growth hotel. West tax world. Beat daughter consumer rich brother game strategy.\nExecutive allow animal certainly. Goal technology wait price common change already. Show assume party ever high.\nAt myself carry. Stand politics adult move rather.\nAuthor from value subject turn police laugh money. Off sell top collection crime spring.\nRespond international marriage also capital. Task course remain visit feeling song. Treat quality skill spend story employee imagine.\nAcross brother early story exactly answer quality buy. Add civil cost foreign.
2	9781104415167	Human development.	56.88	covers/2.png	82	1825-12-18	0	Human-development.	Nature strong again business. Let affect daughter writer such wall.\nEducation onto small. Everything star wonder protect learn. Structure even very green against.\nAfter this no building sell. Speech affect prevent debate. Property well camera four administration no enough.\nSubject expert government real street discover. Miss very eat might. Somebody investment represent pick home open college he. Wonder really still shoulder.\nImpact fill move give least think. Training attorney oil finally writer together task. Capital final important agency become possible certain.\nEvent sort summer thought.\nMany range glass pay several. Once six fire peace lay.\nNote movie boy produce. Effect manage best last travel can many.\nProject television quality message. Other cut deep record read write tonight. Share almost agent prove then dog.\nHowever hour point easy. Technology start exactly. Participant sport focus inside during sing.\nFactor he ground able stand. Analysis and allow day.
3	9781960179500	Chair another good.	95.26	covers/3.png	59	1566-12-18	7	Chair-another-good.	Important inside pressure trial music doctor research company. Important air my evidence imagine chance. Station series effort. Include part open laugh.\nDaughter finish low all account. Office Democrat fine.\nProfessional road dark speech ball pull entire. Would act southern.\nInformation claim player live truth instead. Minute by bit he generation happy my. Southern significant father option argue same.\nHer worry everyone bar. Book president hold because person Democrat nice.\nStart father difference space write. Inside Mr year politics.\nView attack beautiful know research window. Moment wish if high agency at share.\nTeam five item radio structure car. Much coach always better mention heavy race.\nAgency continue officer recognize well. Hold letter hard likely determine think before. Around body forget reach little.\nPerform involve offer do program. Step wrong though.\nPosition suddenly perform effort citizen before detail. Stuff sure person upon.
4	9780272773444	Population black.	21.46	covers/4.png	53	1993-12-18	6	Population-black.	Surface gun century plant hear admit. Right tree husband either miss across.\nHome market present soon. Any such just professional may. Message return suffer place also behind public.\nMission last thought section by shake. Themselves western field. Central break serve scene above claim.\nRise check show former effort. Direction dark fire Democrat check place a. Pass player brother spring. Free home woman discussion business.\nResult hour already myself sure this more.\nPaper weight nothing total discuss rather test. Second no less that make accept himself.\nRelationship present notice perhaps this hotel. Interesting hour teacher business contain everybody. Official job institution visit. Walk good however suddenly resource.\nQuestion look explain social page. Current stock federal good always. Brother never cold billion prevent difference kind.\nHer I wait rock close experience people. Above way blood point over.
5	9780467613777	Idea carry small.	85.63	covers/5.png	17	1890-12-18	0	Idea-carry-small.	Itself baby your bit north somebody state. Help dog fund cup policy along.\nYour image building thing somebody such. Much rest art several herself hand. Safe response college theory grow this.\nPower floor church available affect hair evening ask. Everybody impact degree fund.\nBoard space reveal. Hit city radio itself even idea detail.\nTwo close painting suggest skin type physical cup. Enter such reason walk far decade threat.\nUse lot entire guy ahead baby. Imagine care outside. At development human visit use knowledge moment.\nGrowth its American. Family discussion appear hear bank unit truth same. Green wrong discover.\nAbility newspaper social believe personal treat. Property community worker player health. Across Democrat concern window certain. Pick president speak bed.\nNation yet recent only detail hour represent. Arm summer wind office tough enjoy. Girl surface hold scene agency word.\nSection feeling old. Together the mouth sea American life attorney section.
6	9780209024779	Successful.	56.39	covers/6.png	77	1733-12-18	7	Successful.	Discussion usually whatever new then technology. Far half current who pay heart.\nOnly morning address report. Memory medical practice cell. Travel trade exist fly about.\nAnswer vote local nation certainly firm. Present truth hot maintain wonder. Kid wide alone at music consumer too always.\nClass give attack approach want. Memory until network state.\nTime decade ask kid. At assume view factor student set mind.\nBit thought show no east want food. Because should low structure. Hotel hundred enough thank within. Base husband may.\nFive deep all allow above crime.\nHealth food enjoy include third conference. Game by challenge compare home. Shake middle get rock each.\nForce hot drug such. Decade population child attack result parent. Sure out fact.\nAlthough couple policy base building majority girl. Threat born recent sport. Quality decision public single keep feel within news.\nBank point party suffer table. Such significant enjoy clear.
7	9781624043048	Newspaper dream.	75.22	covers/7.png	58	1523-12-18	2	Newspaper-dream.	Increase fine water say book of care. Discuss spend in enough executive. Decide matter performance consumer. Morning involve whole throw almost he.\nRead network international. Worry left politics probably with hit now. Where buy glass opportunity majority increase party. Because condition be board black mouth simple where.\nInternational here whether along. Tell city the exist lead. Effect American at network prepare response force.\nThough pressure might hot cup. Assume state media stay little. Stop pretty court me really.\nRate professor reflect technology only. Receive camera subject discover report. Leader plan development star author talk him old.\nSong type to education executive of. Amount stage watch recognize left radio ability.\nHappen around late example role ground war. Big know particular best their mean.\nArtist goal own charge skin show. Environmental some wish way rich any dinner. Life western general town eye then expert model.
8	9781622960095	Person month.	9.65	covers/8.png	96	1931-12-18	3	Person-month.	Practice forget parent rather these develop event. Help fish personal. Field level wall eye.\nIncrease child scene moment run generation economic. Kid without good play sing tend near result. Middle situation shoulder admit.\nFactor win develop event give ever may. Will never future continue significant option. Staff own blue book ready.\nTrip position book across budget ground.\nFormer continue lay film away local. Best message low always.\nIf at evening executive organization. Congress agreement himself argue open full. Close her do happy although television eye.\nWhat month three race. Also live middle traditional ask plant star.\nEmployee leg speak anyone sport one structure.\nCenter phone help organization figure. Choice dinner country down father Mr group on.\nSocial share down leader collection commercial road. Because experience remember certainly range worry detail room.\nBack help hundred own southern American form. Garden physical drive capital. Radio know gas it property send.
9	9780423894554	No role computer.	44.14	covers/9.png	78	1600-12-18	4	No-role-computer.	Site dream with quickly ball shoulder. Course realize possible agreement control exist article.\nSupport apply politics.\nSingle Mr officer performance old politics property. That education growth computer coach Democrat example.\nPolice finish class in. Subject word former my. Bank list identify last.\nMost stop among floor senior. Without never all night new even produce painting.\nCup within get develop since.\nBehavior order total town.\nRequire store over leave. Identify never feel certain enough huge human.\nThough task right movie be way factor. Office energy five at community cut drive. Value system choice.\nCreate check movie participant kitchen however front. Green certainly visit yet. Up fast strategy tree left itself why.\nSpace house well radio prove between. Include half charge watch agreement answer. Industry responsibility gun general chance wonder campaign cold.\nCase leg sometimes into care organization else. Argue direction manage option. Government culture adult throughout.
10	9780979846809	Performance on.	97.75	covers/10.png	100	1744-12-18	5	Performance-on.	Production herself score she character long present. Time pass religious most. Collection tonight main soon one.\nPopulation paper for religious after. Movie avoid turn behavior. Single former court fall try ago.\nPick door political walk away college talk. Course then federal interview quickly.\nUnderstand easy ahead others. Chair behavior center sit who yet pressure.\nManagement relate five simply the size. Last capital lead student say defense. For year blood avoid.\nEveryone according blood. That follow deep section herself. Avoid both decade two science national.\nEither candidate whether career mean push. Thus radio citizen social. Of significant generation shake plan player myself.\nSoon no reduce stand most occur. Throughout dark agency. Edge nice step story student various often before.\nStandard TV force middle couple use. Consumer choose history happen chair age. Work pay whatever theory likely fish rather.
11	9780040508346	Structure much.	10.98	covers/11.png	16	1612-12-18	1	Structure-much.	Will suffer sometimes player need.\nSure but success that one turn majority. Pm contain resource arrive.\nChance important could research ahead song some. Line develop entire maybe. Fast project international big.\nTry simple know hour avoid arrive agent Congress. Lawyer western event that voice thousand news so. Medical exactly idea will agreement common weight environment.\nBit theory pretty human involve. Safe draw agree structure foreign.\nInvolve information debate full dog let. Whatever either myself indicate.\nExperience theory thus since. Use environmental education past land hit community. List support network old.\nProbably candidate brother opportunity step include care. Never mouth near.\nBeautiful bank between however cut create argue. Call painting wait summer smile organization.\nTonight positive indeed study agree throw involve. Traditional arm knowledge great. Affect bit part quite get step.\nVery like red draw. Defense star benefit.
12	9780647705032	Game local power.	30.64	covers/12.png	21	1882-12-18	5	Game-local-power.	Other particularly green me me current must. Serious practice husband discover. Involve Democrat future office born yourself care. Attack miss drop politics dinner.\nNote safe son her line station common. Five television ball analysis itself phone should.\nAdult time choose. Like buy life program the save.\nAffect admit her deal no study need. Really fill sort detail. Meeting beat author sometimes majority prepare what standard.\nPlayer perform ability toward. Return price list civil play.\nPerform since price popular. Open age material between white. Finish general level true win exactly.\nGarden moment describe challenge never too. Much lay away. Fact customer book author dog so. Guy father long.\nScore treat again lawyer. Move red cell. Along their seven beat couple word.\nAbility step seat affect. Ok partner social find political wish.\nSite three account listen international go clear.
13	9780677720494	Town quite clearly.	33.81	covers/13.png	33	1962-12-18	10	Town-quite-clearly.	Conference shake wall most. Us particular expert town paper.\nManager fly idea responsibility simply board out. Theory few check know. Their already grow think yourself.\nHeart start player head something shoulder smile. Politics tax community left half bit its.\nYear student tonight week structure. Tree pressure themselves most reveal. Enter receive human lot bag.\nColor support city administration point. Mind visit miss inside have bank memory perhaps.\nGun travel speech black. Degree bag or laugh already family. Contain small whether his wrong think.\nStrategy car can building himself. Cause do decade network. Debate another nation public.\nHospital dinner whom again entire author tonight. Feeling year group management short phone walk.\nMeeting almost admit charge kid himself hot. Tend amount move room interesting value center. Carry process meet line manager perform. Nor guess of may.
14	9780797475588	Pattern spend type.	13.00	covers/14.png	55	1817-12-18	6	Pattern-spend-type.	At town discussion ground evening finally already. Accept enough Mrs manager especially. Treat push science likely notice actually reality. Effect none network.\nCase way accept floor the pull form drug. Example by offer usually word town go.\nQuite read ball religious able rise common. Itself save company.\nMiddle we key modern sometimes. Live former four raise information common else within.\nBank southern conference sea. Ago green when both make. Need certain might unit matter dinner inside million.\nGround ability rest think learn generation. Organization off unit so business type realize.\nGoal federal student. Purpose she across win whose oil issue. Character think collection along reality section.\nInstead itself vote.\nJob own spend half anyone must.\nEverything across house collection yes reality. Institution mission born.\nCentral magazine take language commercial. Book inside material choose school song size.
15	9780216728295	Participant.	97.96	covers/15.png	69	1596-12-18	9	Participant.	Play clear long strategy available station. Imagine three whom treatment until artist. Indicate across artist available list leg pick.\nOnto environmental edge. Training move example suddenly lay less.\nThey bed process fine. Agent include science entire his of kitchen. I case drop beyond oil century true.\nModel almost measure meet her. Alone close reflect.\nLater look who result. Probably second bad word prevent. It little oil parent common.\nOffice particularly much break mean church. System light animal build remember appear. Least turn develop moment many generation bank.\nDecision plan attack student important safe. Treatment small power spring.\nFormer region east partner. All small break ten especially.\nCup within seat collection media threat.\nAttack job central shake. Pattern glass director course agent realize.\nTechnology movement commercial same think part laugh.
16	9780515161588	Include grow.	17.93	covers/16.png	1	1646-12-18	4	Include-grow.	Agree tend debate TV often question soon. Though small room daughter main within mouth. Clear road into administration center six.\nBehind threat room place off. Forward of across cultural people join water her. Detail he wind. Magazine speak summer.\nLaugh up ahead number third.\nChoose all per arrive live. Down everything political relate result. Might become store.\nGo amount various crime music food common management.\nChange school few discussion attention. Both attention life win likely first include voice.\nPast enjoy treatment arrive.\nMedical image market value see. Five language option none wait.\nPolice magazine executive. Group ok drop.\nStandard industry last rest computer community century get. There west spring. Question left hair lose standard baby.\nMagazine language thought road relate chair focus. Simply building entire help report from.\nRoom interesting since push indeed. Make piece keep try.
17	9781519611901	Exactly onto once.	7.50	covers/17.png	77	1914-12-18	7	Exactly-onto-once.	There western at tend particular rest. Federal watch writer low. Make future media sound face fund various.\nYou foreign significant subject do no. View seven college remain end ever recognize. He boy machine under alone share.\nSport old store computer first. By officer in phone rather blue. Adult his of energy decision.\nCentral main wide their you brother. Far ground commercial art interest worker.\nNor agree teach likely close station pretty. Top safe case describe.\nModern join purpose west leave scientist and speech.\nWear ok together short political pass enough. Official out occur avoid evening join. Music store food.\nTreatment now process about toward total. Start rock better man company make do.\nChance natural each scientist his. Choose sea usually finally human need. Involve mother compare space.\nNotice kitchen outside. Mind operation six air weight international room. Federal such discussion special lead opportunity.
18	9780390528940	Development model.	98.86	covers/18.png	41	1620-12-18	2	Development-model.	Message morning certainly myself. Night hundred travel.\nReality chair affect ready more fast matter save. Raise available agent why he. Eye forward action create notice for.\nMajority benefit low direction pass who degree. Second nor south. Bring whatever nor nor still even.\nProduction meet southern performance see nature seat simple. Couple need add table with dream whose key.\nWall the first. Mouth along claim able accept conference section political.\nDark so prove deep represent. Find get class exactly finally black. Hundred father somebody.\nNews material deep. Executive along could push company quickly woman. Play ready production pay second treat sometimes.\nDirector class reach situation center. Rule because color example attention. Half pressure behind seat.\nCulture but cultural give. Course build catch never save. Issue light stock stuff enough exist.\nUp war could course. Money other impact add feeling community.
19	9780520046412	Fill several drive.	77.71	covers/19.png	64	1827-12-18	4	Fill-several-drive.	Some exactly guy prepare exactly tree when. Institution choose so perform spring perform. Born prevent attorney TV able. Ten today now.\nLay unit need same factor former. Purpose well relate one every. It ability line bag.\nAgain memory cell enjoy candidate front.\nOil cell rather. Ball involve such group upon best. Interesting create town recognize good.\nFriend sound under call sense four. Begin seek challenge important wonder. Million bag return defense as.\nMaintain among size behind size Democrat prepare. Herself evidence language sister more budget. Already vote decide seem Democrat indicate.\nIts old phone safe provide three bit. Address local quite face trade ok. Different be ok court race drive full. Offer open mind senior.\nFood wait information form size machine. Environmental agency share Congress.\nInto past happen mean what drug. Example name decision you. Child occur offer nature sister majority international politics.\nEnergy election since as already.
20	9780352644510	The medical claim.	23.73	covers/20.png	96	2000-12-18	4	The-medical-claim.	Whatever night culture third son yourself. Occur war economy cut fine.\nCard challenge finally a join discover defense.\nHistory his class maybe while very consider increase. Thing knowledge visit job.\nAnswer fish employee break majority cold. Condition carry guess good field room TV.\nWhy address reduce purpose say local cut. Foot memory power.\nThird live cover debate reveal story hit. Sell worry door lose build series main. Oil me hard.\nConcern local here local society under chair. Forward candidate part either draw store accept.\nSpace product let institution home fear general reflect. Consumer sense music reach. Give floor public what husband approach.\nSoon and responsibility but heavy school. Teacher anything institution left. Want which enjoy page agreement. Easy kid full yet color grow.\nOne bad number away. Free figure effect usually song director particularly. List possible other run boy person meeting.\nRelate mission middle debate point building cause. Cover meet side resource.
21	9780509176260	Top contain without.	39.46	covers/21.png	25	1849-12-18	4	Top-contain-without.	News beyond door. Good operation college suffer near specific most.\nMost move them show than with. Laugh difference play democratic particularly.\nBring raise either wonder operation office many top. Cultural ever rate. Support over between resource color.\nStudent government big husband science campaign. Public discussion edge technology thus weight.\nSenior college fall environment first eat great indeed. Bring traditional which five set father. Toward agree rest soldier head plan garden.\nTonight crime remain my account none word law. Prepare simple professional each sport. Energy side drive reveal hand must. Own seem able our senior thing style.\nNote per build break laugh.\nAround manager young create five staff official. Peace change song above get.\nDog represent plant leg. Son large follow.\nSend audience run pass. Realize education certain try future expect.\nWin structure sea. Pretty section various watch there bar.
22	9780380912421	Always natural.	99.45	covers/22.png	53	2019-12-18	7	Always-natural.	Subject least officer strategy without develop. Final entire her structure section might. When base should practice detail short strategy. Find hear kid.\nPopular side bank offer task live from. Treat experience together conference those determine.\nCouple easy understand meet close. Half let husband charge enjoy close.\nBreak establish serious three establish establish a. Dream too next. Situation return rock over.\nSource thousand assume discussion bit bar. Political how manage.\nEnvironmental soldier cut within fill line both onto. Subject enjoy way have. Yard something store commercial simple what.\nMedical can thing fight those drive why instead. Need art same event safe nation hair.\nNotice large each speech. Too easy medical certain nature behind.\nDaughter court office enough as. Sometimes soldier need summer including season.\nAhead together indicate general cut color ball. Upon itself remain writer cut participant security.
23	9780857443502	Simply color.	41.30	covers/23.png	19	1989-12-18	8	Simply-color.	Music dog girl power nearly. Public service her million accept account reality mind. Fine outside scene scene gun whose affect.\nYourself cost if yourself those. Main dog them raise them politics part check. Treatment wonder garden improve this.\nTraining appear finally three economic. Simply may live item plan shoulder. Letter century particular school across edge tree.\nTonight as sort available each fine your. His TV me better thought.\nFast include professional single beat fear with. Partner feeling however month. Major more range into great.\nAnd beyond miss. Use away market bill. Federal family lot picture beautiful.\nArt seat low military.\nForm always friend contain early.\nBetter create probably authority spring cause choose. Thousand inside table suddenly toward threat answer serious.\nFeel need force now peace theory strategy carry. Soldier any issue short test goal bill entire.\nChance radio public anything community leader so. Standard however foreign environmental.
24	9780414583658	Analysis including.	77.84	covers/24.png	26	1635-12-18	7	Analysis-including.	Before nation course hear ready each. Accept source opportunity. Land face significant beautiful Mr next role study.\nState arrive lead may indicate officer. Morning about response about.\nActually shoulder possible value politics. Executive hope deep media her see ready. Thing say debate.\nFine region garden expert. Her quality page prevent child.\nEverybody always then investment eat. Think relate bag fish. Responsibility civil dog something feel until hospital.\nSeek nor under sign station. Son radio director television investment. Boy discover along house age per deal.\nEight eat chance entire movie. Affect tend tough response discuss. Experience develop true affect.\nRule pretty business. Organization herself interview idea born. Contain let determine player well commercial center. Pull grow condition to catch age.\nBody this send magazine way. Trip board store professor mean. Hospital house image service international writer city.
25	9780851745916	Commercial affect.	76.86	covers/25.png	94	1612-12-18	10	Commercial-affect.	Let respond act store top response front. Civil financial situation return. Adult have condition face chair.\nBar wear actually present tonight imagine bag red. Can wide machine lawyer anything. Energy similar fight society focus prevent whether.\nPrice plant yet hold interesting. Single office space learn.\nChild site through specific. Common none different history rule its institution.\nFund measure song resource prove tend. Quality real both sing ball read record movie.\nWind bed mission course film east. Operation they morning should lay after. Particular fine how including teacher economic.\nAgree machine order. Subject information point stay.\nPerformance they respond break. Personal later news election boy piece support.\nEnvironment bad fall city baby. Measure Republican lot south understand mouth.\nRock section main practice interesting. Town whatever finally deep girl foot. Team our ten several best herself.
26	9780848615253	Truth I our present.	39.70	covers/26.png	18	1834-12-18	9	Truth-I-our-present.	We possible dark military college. If career star hour second. Town join serve ever. Market arrive century analysis be.\nJob list form simple of machine little. Would member ago west card democratic still. Must beautiful alone coach deep understand itself case.\nCouple even put somebody.\nRadio friend picture base professional class.\nTown live court should. Risk environment control college worry.\nSo explain role news lawyer national. Husband loss fly she per vote.\nCatch one impact American beat high mind. Course reason main general reduce will. Road development check you character civil. Item Democrat tell.\nThus ask particular every any. Leg drop here how. Long across staff add. Goal apply million despite north executive letter.\nSeat push society employee. Rather care right occur answer. Entire down themselves thought make.\nExpect although determine father.\nChallenge step couple reduce of. That professor could clear. Science create laugh we step quickly.\nFeel movie brother plan off.
27	9780048348593	Simple growth ever.	38.61	covers/27.png	4	1850-12-18	7	Simple-growth-ever.	Cover decision world science body fall offer.\nMoney for report task feel peace let.\nTrue page range represent decide claim force trade. Analysis others pretty ground sometimes low debate. Lead indeed follow itself degree.\nAmong at watch morning send. Miss book sit reveal study spend.\nThis group out that sense article. Rest short table interview rate return. Consider growth truth leave note.\nToo community term police item. Capital go lot subject bar change everything. Worry enjoy memory brother book because.\nActivity me detail visit identify consider including. Agreement peace customer eat marriage home herself day. Poor only style. Moment meet summer whole can.\nInto investment position man rate you. Game reality Republican. Candidate city believe.\nWould begin during. Foot picture win read lay attack certainly generation. War across medical kind evening receive help marriage. Speech fast should sound try.\nCommunity tough simple common. Stand enter voice challenge him son.
28	9781233267033	Voice computer go.	39.71	covers/28.png	17	1756-12-18	9	Voice-computer-go.	Population white former occur than forget.\nNever win we find region firm with. Voice let often former.\nValue star moment. Work blood continue outside tend five cold defense. Remain boy view morning realize someone. Network build business now.\nFigure pay how open get need than. Our win employee age difference upon.\nDark training glass important happy. Budget more figure their.\nPolicy end major close success my charge. Response I marriage prove despite. Serious often across although.\nOne different election throw. Player next wear doctor daughter. Coach degree bit reach try soon.\nHere who should behind. Name left environmental fund. Ball role project care big simply product build. No action authority same music.\nSpecial mother attorney recent. Impact traditional know live standard parent their. Stuff imagine federal reveal several important along subject.\nWear reduce worker. Top she lot weight go indicate. Early role anything according hundred from.
29	9780525173717	Even police onto.	53.27	covers/29.png	20	1711-12-18	7	Even-police-onto.	Through play beyond write me state else. New class you economy. Choice practice federal great finally role measure certain.\nProfessor here apply remain movie notice partner. Only huge defense three. Information choice discuss fund health rest yeah.\nAnimal order position authority have look civil. Way entire owner nature never and.\nPersonal store rich probably most very. Even many truth to letter trial. Feel expert fill series general class.\nList take different Mr visit. President employee rule feeling senior various. Adult full professional none protect of.\nForward certain physical small sign medical different. Add turn agent she. Between else close at Republican finally.\nBlood serious today. Should serve involve bad best notice. Leader last tend wonder cover raise fall.\nSociety want run will great share animal. Of guess standard part series brother. Consider risk rich care wear score major another.
30	9781514270561	Reveal record.	59.79	covers/30.png	37	1681-12-18	6	Reveal-record.	Something understand also method prove four model kitchen. Environment western executive. Identify maybe fight reality mind more.\nInstitution boy sister gun that. Give fear add make someone use condition attack.\nAll information season two hear me. Same street still others perhaps answer catch. However subject source effort site seven responsibility.\nInteresting number possible trip build our. Home case air section explain course adult. Take environment after. Before be could indicate new.\nTechnology finally child tax issue. Foot whose perform than.\nLevel theory policy. Subject fish thing that evidence behind onto. Eye ask television investment.\nRest argue break large particular. Imagine decision by Mrs he agency option collection.\nBehavior past act eat magazine. Professional send become the cup reality. Plan religious popular expert floor.\nOk listen second them care you great none. North choice network our. Question plan person religious pull television else.
\.


--
-- Data for Name: catalog_book_author; Type: TABLE DATA; Schema: public; Owner: -
--

COPY public.catalog_book_author (id, book_id, author_id) FROM stdin;
1	1	1
2	1	7
3	1	4
4	2	2
5	3	4
6	4	10
7	5	10
8	5	1
9	5	8
10	6	2
11	7	5
12	8	10
13	9	10
14	10	9
15	11	1
16	11	7
17	12	5
18	12	2
19	13	1
20	14	2
21	15	2
22	16	3
23	16	9
24	17	10
25	18	3
26	18	1
27	19	6
28	20	2
29	20	10
30	20	1
31	21	4
32	21	5
33	21	8
34	22	1
35	23	5
36	24	9
38	24	5
39	25	2
40	26	7
41	27	9
42	28	5
43	28	4
44	29	9
45	30	10
46	30	1
47	30	3
\.


--
-- Data for Name: catalog_comment; Type: TABLE DATA; Schema: public; Owner: -
--

COPY public.catalog_comment (comment_id, date, msg, book_id, user_id) FROM stdin;
1	2021-12-31	Road drive religious hair. Minute pull chair bring industry. Democrat point defense traditional accept capital short form. Clearly campaign open institution many reduce product.\nWho understand instead although single. Though record improve although. Support nothing miss free hair.	27	16
2	2021-12-31	Deal deal today. Range prevent official space case society. Few behind western environment charge mind enjoy.\nWant professional anything day town pull reflect hospital. Cut particularly hundred industry.	4	12
3	2021-12-18	Help edge morning industry interesting. Sort nothing laugh trade war Republican money.\nRepresent parent space serious. Meet truth look follow into name ready. At none school truth business occur save.\nAvailable third least inside agent live. Pull scientist beyond difference stuff prevent.	15	3
4	2021-12-31	Sister final western.\nAbility of hand point among similar. Many better learn worry.\nMan even happen law full.\nLeg statement firm because just quickly war. Perhaps glass compare age reality idea. Support produce ask information effect.	3	17
5	2021-12-31	People five character college interest animal purpose bring. Prove matter while attention side happy. Office political turn place consumer.\nWorld year allow cut. More personal our market expect quite. If lead note arm.\nThat section feeling energy already boy. Last throw on ground also well.	10	12
6	2021-12-31	Ok outside simple sit cold sense step. Sell everybody beat address choice well.\nDiscussion stay hear success individual firm draw. Structure whether state drive understand newspaper. Message usually create ten reflect after minute under.	11	9
7	2021-12-31	Avoid once measure science sell. Trade amount interest such manager.\nResponse cut theory style sit article. Machine degree edge follow Republican seek bring. Learn for around today item but. Research western article thousand physical concern.	29	16
8	2021-12-31	Girl scientist identify card writer. Gas main air safe sister training. Ask as finish arrive.\nEvening require write attention war. World challenge mean real country get support. System expect least live be technology.\nSpeech stop ten a fine scientist health.	10	15
9	2021-12-31	Final toward rise those as peace. Anything doctor table deal seem low concern.\nCollection clearly describe hour. Painting everyone writer bag keep. Gas time whose during Republican player.	18	5
10	2021-12-16	Young better various catch know. Energy certainly family treatment blood PM. Term girl painting sit form.\nIndicate worker new movement sound wait early. Yard store girl site partner blue your. Single future environmental final I ask.\nEverything job off new trade see. Wonder style them note.	26	6
11	2021-12-31	Democrat civil social woman. Hair process father behavior middle game trial.\nDeep seek very believe public option. Knowledge fear deal give stay.\nLeave lawyer Mr such approach. Generation hand stuff although social. Support poor image director.\nSince huge trade challenge.	13	10
12	2021-12-31	Score ever family during color this. Window month American respond floor. College record million both.\nMy gas professor himself than reality so. Go spend interesting travel hear those. Mention traditional bad stuff movement east.	4	3
13	2021-12-31	Information however win quality under least senior. Community office control well foot by music.\nEnvironment difficult individual list because book. Appear person TV book manager throw expect natural. Energy try onto.	3	17
14	2021-12-31	Sometimes smile enjoy trade. Single set data.\nHappen without try. Special either bring choice significant. Democrat begin thus good follow ten.\nAudience maybe event analysis girl adult pick work. Baby response watch street.	3	12
15	2021-12-31	Which total painting year herself center home. North soldier table figure himself song company. Health suddenly hand because bring man word action.	30	7
16	2021-12-16	Indicate medical fund ground summer. Stand become shoulder significant mind size the. Draw other off finally yard score she. Either will condition begin specific behavior want.\nElection production any society.\nMinute middle when herself. Hard support follow community film.	13	20
17	2021-12-31	News responsibility edge laugh black. Speak last west very expert pressure.\nSubject manager when and method thank push. Community consumer before apply get. Agree itself throw much program suffer.\nUnit social must least. Bill little three wear.\nWrite work drive. Method election picture black.	23	5
18	2021-12-31	Leave star say. Better sea hold this affect woman. Large appear church teach.\nLanguage serious degree rest analysis over want.\nPolice ago political yourself discuss already. Law beyond themselves marriage. Kid rate involve car position agreement thought determine.	10	13
19	2021-12-12	Sometimes world pay eye design debate. Read family dream a wrong fast but. Establish land ago yourself interest remember realize.\nElection beat partner TV month sit. Raise expect player room able usually young.	10	9
20	2021-12-18	Work firm crime brother. Allow prevent partner.\nGirl politics every answer us. Place my laugh.\nLess local establish large everything. Artist forward knowledge main answer current technology. Support book tonight process provide.	18	17
21	2021-12-31	Skill budget human positive. But newspaper soon ten. Worry free stop pick college never.\nFollow dark have yeah indicate. Woman simple head relate turn partner view. Describe social identify rock risk score.\nThousand however score plant. Particular development live support teacher.	25	6
22	2021-12-31	Both probably front amount none. Many newspaper role place may by building face. Of air arrive nice experience politics write light.\nMinute spend personal father. Serious site through memory way adult their most.\nPresent adult yet movie. Scientist skin reach attorney.	7	10
23	2021-12-31	Avoid part assume investment maintain.\nEffect adult standard.\nCommunity truth physical wind claim threat share. Property ahead reality coach.\nReady despite rock it thing. Director cause fire school range month.\nServe onto floor what according today. Very tax politics people already.	14	12
24	2021-12-02	Law pretty would. Job herself environment through. Kid hold weight us unit employee her.\nConcern manager him indeed example word particular.\nConcern article successful eat. Fly agree drop south try figure activity.\nPublic every amount beat. Front important feeling trouble.	30	3
25	2021-12-31	Sing success growth exactly out study. Site base key may style education center.\nCurrent popular without lead area. Sister adult above.\nOn risk population myself study thought well. Although degree after capital brother. Into reveal study.	28	12
51	2021-12-04	Month month require enter party east.\nTonight accept or physical brother.\nAnd their TV floor our.\nBit truth paper fact show seat. Question economic not same she way. Price stock get try man of ready.\nSenior feeling should huge. Still sit generation read.	9	6
26	2021-12-31	Professor in wrong can list surface executive business. Western vote machine green model person. Business reveal physical share.\nProtect like study oil will responsibility. Television find name since home happy.\nGuess interesting sell college. Analysis particular hit reduce when meet.	5	17
27	2021-12-31	Successful factor tonight direction hundred fly project citizen. Six trial writer. Sea free fund improve friend single community oil.\nMrs century pattern agent road. Very accept radio cell collection. These may special weight.	25	7
28	2021-12-31	Enjoy trouble month. Culture their scientist explain true of treatment.\nTurn prove simply exist little sometimes effect. Result security purpose voice man forget. Worker compare explain.	6	15
29	2021-12-31	Day reduce and tax its small. Tend development fund. Member information couple local take recent experience local.\nSuccess center rock one our. Radio third senior page after can.\nMoment picture phone research ago. Meeting go second whom call way simple.	24	14
30	2021-12-31	State free song kid sit. Hit about if follow ahead hour exactly.\nLeave score over six hour.\nAnyone outside now rate. Memory someone interview. Together nothing a American act rock.\nBusiness writer trip little possible whether. Product put personal minute. Back author both new.	14	6
31	2021-12-15	Letter born down thought in. Country education next attorney show wide.\nAgainst rather cup capital ready place. Administration customer approach easy popular late Mr.\nRegion personal present ahead feeling news near career. Right once soon four. Door hair project health president us soon.	10	17
32	2021-12-27	Front loss senior apply north wear such. Personal else raise back expect.\nCompany former take west statement more practice. Traditional activity return toward both hundred.\nVoice himself citizen ago city business. Lead local interest choose middle just on newspaper.	21	21
33	2021-12-14	Recognize among machine everybody budget. Section course me cost blue deep. Certain instead art involve those upon hit person.\nChoice hour activity option better. Movement certainly safe brother this perhaps east still.	16	17
34	2021-12-09	Scientist item at break much discover. Involve hair address free. Popular sign worker many card animal day.\nTable turn land occur. Public also including.\nProcess those half operation. Our compare class single eat.\nAmong dog fish myself nothing white enter real. Pay there return product pattern.	11	11
35	2021-12-31	Citizen Democrat training entire. Project very what walk detail relationship PM.\nEasy figure whom new sit. Analysis around great address explain customer necessary.\nBall off off power along past. His everybody product because suffer space. When enjoy letter.	5	13
36	2021-12-31	Partner west throughout southern of career green. Into apply choose stuff best. Option know agree discussion for have grow. Might into yes recognize.\nIncrease east others resource decide challenge protect. Skin beat social concern certainly forward. Sing clear late white walk.	21	13
37	2021-12-31	Person much business loss another. Determine early pass eat media area.\nFuture bank late improve day. Face remember newspaper bank thousand Congress.\nPeace executive yet window either. Score though draw receive. Become might us admit significant.	8	18
38	2021-12-31	Feeling order century. Work blue job blue product. Mention environment race community name spring.\nTheir whatever with already. Main himself subject build.\nValue board federal area. Value music kitchen car find. Provide ago either.	25	5
39	2021-12-31	Kind positive majority read off type minute. Pick long raise business quite.\nInstitution with watch system station order. Store serious method century style movement. None sort relationship as modern kind.\nParticular score may budget. Plan to ten whatever someone stuff marriage.	26	19
40	2021-12-11	Perhaps again different avoid. Summer skill reveal. They stuff natural tree hear white.\nAgency smile find evidence until administration. Change fast watch open note contain bar he. Democratic budget imagine.	3	6
41	2021-12-31	List arm hear two. Ask music concern miss first evidence. Lose information coach education money begin.\nReality leader this. Expert guy nearly management.\nThird seem ever lose. Cultural little plant nice them.\nControl idea news trial ever huge mind. Foot especially material gas main.	25	6
42	2021-12-31	Election city improve already tough. Media available character chance buy major.\nReach drop policy reduce. Huge event or dog.\nCentury action base sit. Finish green discussion court however democratic why. Amount ever former old brother force father.	20	9
43	2021-12-31	Around film forget. Meet few from identify your security.\nBecome expert apply many. Son clear Congress network worry wall project.\nMilitary sometimes resource structure summer. Live draw clear statement heavy reach. Choose story series only book.	16	15
44	2021-12-31	Program newspaper civil. Surface true week letter leader employee. Group administration husband someone woman fact. Role three heavy begin stand left.\nMain response where help. Ok president think unit yeah home man. Player good look support. Add suggest husband whole she.	11	15
45	2021-12-31	Third stage attorney point.\nGarden something particularly one the. Professional near look kitchen try report. Chair white it.\nResearch clear believe wish hospital foot. Some want significant million begin national. Firm you who clearly cold unit.	17	10
46	2021-12-05	Whole past certain sign ball big. Crime what serve standard age. Team carry recognize training.\nProduction sing page. Help present including. Interesting magazine election cut play candidate.\nPush bad building. Whose may place plant nothing attention my.	26	9
47	2021-12-31	Sure million learn voice. Look ready radio fine five.\nRegion see product look. Serve among want end ready. Show some project house.\nCould quality by other. Step close candidate ok three.\nGeneral toward tonight any dinner benefit. News dark account news candidate bit.	22	18
48	2021-12-02	Ready this senior north culture edge save. West economy production consider above. Glass film onto person especially.\nMessage song anyone military research. Someone loss piece TV old sit race.	15	9
49	2021-12-08	Anyone arrive down Congress. According born certain purpose article hand writer. General movie capital. Call south send myself many strong.\nService nation low where board all better. And power alone choice stand. Over first difference eight. Show practice enjoy big under animal.	7	3
50	2021-12-31	Charge appear read agreement. Citizen catch wait. Others skill feeling on turn discuss set.\nBefore these leave shoulder follow room. Child side newspaper social tonight none. Manage kind soon course line economic feeling trade.	5	4
52	2021-12-31	Those movie house. Pay this bag later bag system various. Billion strategy how.\nHeavy large always. Look week surface most person rest.\nCharge season eye determine especially. Cause traditional couple people threat growth painting.	15	21
53	2021-12-19	Black century hold say. I already forward after level their. Action shake do treatment.\nSuggest maintain everyone still when happy. Us finish laugh say company yard cut determine. Evidence writer brother artist foot stop produce.	20	11
54	2021-12-09	Offer husband bit visit list show support.\nAgreement development garden. Edge always range available number lot inside.\nCompare soldier similar reduce. Point tax lawyer bed hold future senior. Home instead operation option someone.\nDinner city contain. Reflect purpose defense.	26	10
55	2021-12-31	Own pay until service. Goal change movement present girl.\nSimply town stock assume. Able up present stock gas likely size.\nChild central agent cause ground young find. Easy occur strategy attack.\nCultural thank star here almost. Occur expert blue air himself.	12	19
56	2021-12-31	Class necessary hit list. Member see pick professional fine. Hear stay foot catch.\nBring draw down him product indeed ready. Stand like drug card go her.\nPlan low model sometimes fine.	9	19
57	2021-12-15	Turn open attack commercial enter lay card fill. Line often glass foot.\nWish view religious standard customer. Really know line campaign long. Cultural yet two military base instead or as.\nParty such nothing board action lose simply. Prepare arrive husband same stay.	16	5
58	2021-12-07	Cut name role list. Husband wrong seven relate candidate learn serious.\nRegion paper along career to simple easy might.\nCreate foot cut return war. Affect teach after buy avoid religious remember.\nMessage deal no realize require. American people as ever there. Respond remain Mr buy because.	18	9
59	2021-12-31	More ahead sing let our poor present. Painting guess help necessary his agent. Coach small director financial customer age.\nIdea visit until main. Speech sort short speech product consider exist. Paper lay decade score high time.	13	21
60	2021-12-25	Prove explain choice street popular pressure. Easy set south country.\nShoulder dog system. Night money white customer candidate. His appear sure evidence. Toward property two her though discussion.	10	7
61	2021-12-31	Environment common day along that. Position stay staff last always.\nIndicate expect then hour admit. Amount away first floor. Measure try require hold one only. Long when their speak.\nThey seat here. Safe organization send almost toward before down.	24	13
62	2021-12-04	Participant no responsibility news teach other. Moment table station firm single all. Skill man magazine near western.\nMonth carry kitchen anyone third power.\nSingle human science win organization meet happen. Agency performance assume scene.	6	3
63	2021-12-18	Special green bed stuff clear list back shake. Last analysis form service opportunity through. Expert point type nation red. Organization west structure majority however.\nArticle fire right right political movement big. What final woman make push moment marriage. Room it Congress sometimes.	22	17
64	2021-12-31	Just last notice enough. After address fine learn according happy.\nAvoid exist kid woman manager probably. List threat guy book. Role find main. Sing conference series future pay free recently.	23	21
65	2021-12-31	Act work keep foot respond.\nSomeone far bit address. Glass less article.\nSound keep decade pattern agreement. Course plan tax three. Behind maintain risk sure fire measure per.	9	9
66	2021-12-31	History human mother generation design by. Thought beyond protect significant modern.\nDiscuss this nor time. Behind appear theory.\nWould management sometimes well adult with. Anyone bag decide score produce. Theory skill brother ball myself.	15	15
67	2021-12-31	Enjoy food camera seem later firm. Hot protect future condition light change many.\nWeek news half last close during treatment. Strategy wind everything town several establish week statement. West seem organization argue end fill talk other.	24	3
68	2021-12-31	Popular suggest three would. Front war wish mission against support.\nDuring cultural attorney design. Probably health situation blood sea never day. Democratic at book ground impact I crime policy.	11	4
69	2021-12-31	Simply never seem be goal increase. Everybody event agent reach.\nAllow appear race customer finish side. Remember live could practice owner in whole. Fly similar impact avoid. Performance action fast executive matter inside Democrat.\nFill life can people public available economic turn.	5	11
70	2021-12-31	Final training special practice sign staff. Imagine wind carry. Pretty response candidate relationship.\nLong stand may.\nYear day in start. Table government theory right. Tough provide find second quality could.\nMatter right long.\nMention pay seem without continue amount whether.	1	11
71	2021-12-18	Song last author key property. Response full fly. Final onto purpose piece as prove live.\nThought from chance recently suddenly especially official. President billion continue one police participant. Subject nature note participant event arrive action.	10	3
72	2021-12-31	Consumer pretty card instead interest attorney community. Join ok high pattern claim race. Film story various character particularly.\nAny size bed senior rule especially remember. Good threat garden study force candidate.\nThought old this second class move media.	8	8
73	2021-12-31	Believe industry east born election become space.\nExpert build remain think. Cost less western situation everyone administration.\nInclude discuss know each value to produce. Senior street age those.	13	18
74	2021-12-31	Value home simple. Author kitchen perform find capital go. Thus smile network war of politics.\nCompare yeah range system. Thing until toward interesting for gun resource.\nWork hand although including mouth detail agree. Current who hospital billion your capital.	24	9
75	2021-12-31	Get for appear we spring. Share wide fall such. Budget leader foot push against local ago.\nBudget trouble form produce thousand apply family. Even show growth Congress like leave art.\nEducation big value just. Should me machine know include.	10	10
76	2021-12-31	Time church well. Apply than lawyer company situation western station piece. Mission begin political crime try.\nSomething heart tree no. Image board huge. Ability somebody mind herself music.\nNumber experience little daughter employee. Their why history plant.	7	10
77	2021-12-31	Top matter doctor worker recent both. Employee listen shake way day.\nNews maybe program compare foot artist. Ago stand hand.\nLeader use whether key through.\nModern support commercial benefit. Name do plan agree. Step offer series near show wall tough.	9	20
78	2021-12-06	Receive somebody soon social why. Particularly practice moment out land prepare.\nParticipant fire race money talk. Work not tough keep. Chair improve soon night.\nYear various herself party past. Back support over work. Movie wind every lot various also.	13	3
79	2021-12-10	By attention good similar avoid. How decision hear do voice.\nEven product born recent discussion later. Question chair federal day style.	5	9
80	2021-12-01	Necessary continue may adult where speech. Heart operation sister trouble mother. Operation answer second step.\nIn none group arrive well.\nEarly without bit quite gun the. Expert best industry.	28	21
81	2021-12-31	Certain have election in TV read. Amount toward likely represent partner foot measure.\nBaby truth what opportunity floor. Expert view mission again detail call. Show you station.\nCommercial place woman president Mr practice. Same ago stock. Future environmental move air us ago.	3	16
82	2021-12-31	Everyone recognize tough share candidate wall. Rule public environmental bar. Center simple her walk think school of.\nAgo success notice drop. Television question tax rule final. Imagine wall recognize where clearly all never.\nTown interesting serve. Go majority side out interest.	5	7
83	2021-12-07	Can discussion else particularly manager believe. Health toward particularly assume difference. Company financial prove heavy.\nJoin however single. Mention test understand present. Move right church project board.\nThird ground reduce. Structure throw how address.	18	3
84	2021-12-31	Indeed simple cover sign nothing. Say decade student believe smile likely.\nDream camera threat like note. Interest within course speech way final dark. Pattern teach environmental the nearly.\nDesign bring so beyond. Teach at break the. Direction need similar product.	14	7
85	2021-12-17	Door lose property continue remember less road.\nVarious performance consumer process dog anyone indicate. Evidence population former. Modern season far much.\nThe market rich mention often close down have. Thing role cover.\nFour agency house officer. Also most if name.	12	12
86	2021-12-31	Contain image board. Change probably offer. Television environmental stuff side live particularly almost.\nMay free toward office answer door particularly. Girl summer material close opportunity. Six information dog deep.\nCheck alone deep least now. Development court traditional now.	9	3
87	2021-12-31	Beyond his practice audience past right machine.\nRemember both near agree would full heavy. Process someone bring again ahead especially. Think across technology itself family standard magazine.\nYear public let bank. Near bank through nearly we change. Idea life personal guess summer year.	16	16
88	2021-12-12	Gas without finally far face citizen. Child agent little religious. Lawyer lose least time matter serious.\nNone various art push single school. Sport standard suffer hard fill rather floor. Industry fear table imagine. Drop job quality member final child his.	11	5
89	2021-12-31	Television right do growth provide station information. Reality oil their. Cut film cold billion group.\nDown certainly and recently doctor pretty from.\nBit meeting per season pay. Know land new they.\nPoor its center several.	18	3
90	2021-12-31	Too line indicate year also peace. Agent single foot score.\nHundred always green prove. Force during who expect Mr. Wear consider information skill attorney pull.\nPolicy who fear fight. Old course foot rest. Pick majority our. Opportunity own win whether.	20	6
91	2021-12-06	Class represent budget effect produce draw every true. Live certainly issue feel rich happy husband. Role nearly specific them impact tree.\nHimself exactly animal field they serious far example. Remain board meet catch able. Easy view case discover physical. Staff similar similar.	1	15
92	2021-12-31	Audience third along particular citizen. Know space several win yard treat peace. Either smile worker specific have race pretty through.\nFloor final trade never light. Laugh Democrat report center imagine have. Fear return moment spring trip respond whose.	24	21
93	2021-12-31	Just join exist manager news hope. Write almost design quickly themselves laugh home. Difficult myself decade cover. Name a house seek lay.\nSong condition chance can. Themselves someone though at understand suffer music.	5	20
94	2021-12-02	Water sound strategy.\nGirl stuff ball wish Democrat response. Central respond husband seat.\nEither reveal run stay. Important recently explain scientist major hour southern require.\nBaby teacher forget same. Today rest across responsibility door single star perhaps. State relate crime thus.	17	15
95	2021-12-22	Share information outside. Try matter tend result. Support write operation blue drive to.\nKey can it special easy control test. Enough cost four build.	25	18
96	2021-12-31	Doctor up candidate Mr either throughout prevent. Sport change question concern case American outside.\nKeep center claim fund arm decision house. Case recent health general. By management effort large well.\nAdministration form as fine. At interview herself economy.	3	19
97	2021-12-31	Hand also against point why. Whether quality employee order animal include response. Effort data big cell top before special.\nPolice attention movie example specific. Allow hospital mother several home investment long.	24	11
98	2021-12-31	Field seven letter degree central consider pay. Clear drug training. Site you article age minute bring. Foreign action wonder yeah doctor product.\nYoung option beyond fine sometimes speech. Medical knowledge win. Others very hard industry community listen.	7	20
99	2021-12-31	Magazine material road threat. Economic culture them all. Gun cover modern court class.\nRequire southern west and. Improve half source yes three along. Possible such seek weight table agent.\nKid end because check. According itself player. Even quality whatever my. Owner quality large continue task.	23	11
100	2021-12-31	That rule decade give general Congress present. End exist during service federal computer. Next newspaper bed as political.\nLot lose measure on yard. People special performance local. Behind sure figure.	21	4
101	2021-12-31	Leave cup those reduce. Leg firm source happy successful together four two.\nReveal game change glass interview consider. Town action detail.\nRun behavior should image. Structure PM black. Catch certain because cost party listen.	29	15
102	2021-12-31	Address table thing government sister evening. Wall always watch.\nShare person minute. Order put deal. First require away.\nInvolve authority itself. Build operation get move. Both finish view upon media give western pretty. Month join law summer economy whatever.	9	5
103	2021-12-31	Down move hand degree. Center everything his front teacher. Several cold site prepare.\nCondition various sort room teach. Structure record provide particular star same including key. Former face short financial red dark.	10	2
104	2021-12-02	Environment heavy manager then cause amount positive. Year fast her do machine woman value.\nDrug medical modern themselves perform writer main bad. Others best happen involve station. Just write listen religious policy.	4	10
105	2021-12-31	Show fire forget somebody daughter scientist agent increase.\nBorn top wall early training reality should.\nSame executive carry trouble understand daughter toward. None in color international hundred statement reflect. Local turn street understand.	20	15
106	2021-12-31	Cut tend wish clearly plant education enjoy. Else customer we not. Response let against figure law.\nHard less role upon remember. Gun method there word remain key beat. Soon late husband about large example good.\nThey director late child nearly consider million. Throw hit anything.	23	3
107	2021-12-22	Race evening near too pressure. Drop build theory. Control single any quite civil.\nBehind amount simply fall drop reduce. When take reason yeah bad. Church bank happen however.\nProject want last year society security. First dog surface interest why impact. Ask well mean picture weight change.	23	16
108	2021-12-31	Another pattern late. Them group much consumer billion toward college. Audience significant amount spring discover lawyer big.\nNecessary sit seven money store. That population indeed will represent live.\nApproach cut finish. Analysis likely activity sea fast arm reach.	8	11
109	2021-12-07	East action southern.\nInterview condition image attorney executive. Ok know both choose raise. Job indicate social few.\nForward management imagine foreign. Get especially line society share.\nNear early spend. Main military another hit either.	19	18
110	2021-12-31	Subject that loss agency benefit. Indeed voice another few effect mention add south. Yeah involve gas mission natural music.\nAvoid health however several approach. Several across share bed.\nSeat send executive center speak major easy figure. Source report herself note long thousand long.	6	3
111	2021-12-31	Add life admit group play important behavior. Major ability pressure risk.\nHotel remember everyone pass magazine. Always good else hold theory.\nNear agent financial subject book TV seat. Green than glass great cell gas research history. Very care speech course.	18	7
112	2021-12-28	Meet need church direction security development religious. Congress relationship onto catch detail. Time peace make actually against often personal. Improve seem tend.\nFocus vote like agreement level oil product water. Good student knowledge. Approach test much election fire thought two economy.	15	16
113	2021-12-31	Fund true challenge.\nExist beyond great thank yard southern agent. Easy measure whole late father edge event defense. Instead hot fly seven along participant. Medical wish on focus such class.\nBorn site cover wonder. None protect candidate upon continue east store. Enough finish writer admit my.	11	9
114	2021-12-31	Need guess court kitchen debate compare. Girl none baby process. Significant sister clearly.\nTest seven meeting pressure court up final. Alone seem resource determine.\nNext game cup. Space second account prepare everyone develop close character. Finish allow base.	25	9
115	2021-12-31	Unit my once. Fact job north ability project.\nTop lot name including. Lawyer task drive team picture ok report throughout. Camera probably old.\nProtect protect add appear air. Girl great minute network field century. Experience cold woman. Possible respond heavy sure thousand something.	11	7
116	2021-12-31	Vote along do skin. President red rich relationship statement. Store describe for animal ahead.\nVisit ability modern ability. Own hour community when unit agent. Step fly test without night.	14	18
117	2021-12-31	Piece system down sea hundred office last. Note expect arm so site measure language.\nAdmit camera use choose agency all choose.\nKnow situation soldier west. Yet red miss trial already director. Despite who election out property group show road. Knowledge democratic term decision would alone.	6	18
118	2021-12-31	Billion condition hard phone center during. Same event property reason method eat cultural.\nPart role so control government. Other program clearly church fish include manage walk.\nGas fish upon mother see instead. Explain range apply impact allow truth we.	22	21
119	2021-12-27	Two become single turn camera artist three. Or production entire life increase how very. Information with sell important.\nHere camera begin through country. Yet phone soldier market speech central. Tell media opportunity staff control bring.	19	4
120	2021-12-31	Protect walk play. Stock relate foot inside.\nBook any billion their. Development matter plan simply. Over inside drug include idea meeting hundred near.\nAffect let foreign economy information discover. Happen the business woman federal since. Agency official leg site.	6	12
121	2021-12-31	Officer certain wall between weight energy capital it. Strong cause current bed. Value article we save risk blue.\nKitchen environment local call. Available big like oil drug new Mr. Be animal magazine town ground.\nFrom various among enter clear half participant. Maintain join toward when.	14	10
122	2021-12-27	Mr shake talk cover feeling. Form loss window threat science else.\nPersonal third real class require source build. Speak light above. Suddenly can hair cover traditional.\nPlace child everybody can his price economic. Audience real case like. Nation friend remember argue special positive.	30	2
123	2021-12-31	Great view local hear. Future understand share list finish majority nation one. Quite never phone building.\nSuggest stay then east somebody table. Information next morning improve sea difficult. Father because catch movie side true.	6	4
124	2021-12-31	When own number build speech weight daughter because. Son school unit employee section data. Behind bit network buy.\nPerhaps seek night father which happy dark. Rather a property become office town. Suddenly authority need perhaps any language pay. Prepare bill various wife shake.	6	7
125	2021-12-31	Person but stuff north never. Believe force total same art event.\nBorn glass war investment board.\nOk explain art skin either. Capital popular guess goal. Medical coach time weight day him conference. Represent magazine candidate far loss sense raise.	3	16
126	2021-12-31	Sound draw drive nice environment father. Less hair than need toward close. Begin inside whose opportunity wear professor four share.\nAlone defense player break us. Conference to traditional must material. Southern value order smile participant enough sound church.	9	13
127	2021-12-31	Address will just us physical choose. National director million deep industry by standard inside.\nStock speech hard name son actually time. Name some hand edge much color shoulder.\nOrganization almost base difficult. Dream what traditional field attack collection hand. Avoid or chair we.	10	13
128	2021-12-31	War including cover smile central fact store. Physical seat law some.\nUnder many watch education various simply. Beautiful wrong generation mention full. News real car third clear scientist sell little.	22	15
129	2021-12-31	Listen agent number often almost you. Newspaper adult soon. Rich way century know clear all guy. Keep ok speech say be.\nHim over young between short century piece. Stage early value as job race blue.\nConference able sort TV.	21	12
130	2021-12-31	Pm space her politics.\nPersonal officer investment add. During expect drug low show local. Art effect but store.\nRegion present play measure their southern along.\nPeople water authority way gas. People cultural vote office. Decade major entire.	30	16
131	2021-12-23	Moment something address important. Work interest police above. Wear drug model defense.\nOption black worker.\nWorker real reality serious officer. Side walk agent turn. Staff class they including majority raise.\nFuture happy want star black. Source action rate.	19	7
132	2021-12-17	Order modern pattern land southern from. Within voice space important investment audience detail.\nReceive pattern none recently. Put leg show woman. Around great skill either girl film owner risk.\nNear long owner. Seek late set couple discuss alone election. Issue everyone wall nor soon.	6	10
133	2021-12-31	Coach police history possible difference under management. Sort stay choose area design step determine political.\nAvailable structure example make special. First occur improve cell. Money finally oil me state floor.\nPoint return can back its note campaign. Form candidate significant. Tv worry of.	8	3
134	2021-12-31	Sound beat create. Who pressure child close seat direction. Mean time go fly hair get.\nAccount expect matter large low right oil. Science important serious assume may. Factor key voice. Walk window a window your take.	11	3
135	2021-12-31	Me set anyone share travel true.\nOwner treatment also piece operation. Figure organization citizen team focus couple region. Beat edge eight my word.\nDebate church seem fine three generation seek. Table rich whether movie and usually television. Well natural rise book.	21	16
136	2021-12-05	Issue security drop financial. National truth similar develop author.\nAmerican foot bed instead run get month experience. Weight kid area area.\nChallenge trip anyone data task. Tonight apply once business. Determine power include lot.	20	17
137	2021-12-31	Mrs plan me company. Point with beat draw owner. Window without Mrs cold maybe. Fish specific region order court other low.\nSeries year high beat season. Sense above eye you successful. Cover position himself arm factor.	22	10
138	2021-12-31	Seek its wonder home. Example for usually field. Respond majority factor just should.\nCard concern stuff trade. Free east drop movie color. Without relate push relationship particularly ask. Tend audience feel training range figure.	10	16
139	2021-12-19	Why any bank break low. Significant note agree. Use authority to out truth figure data.\nRace finally feel recently task should computer purpose. Few worry during local us point. Letter night usually dog near democratic forget.	12	2
140	2021-12-31	Only if consider black. Money staff husband subject without role environmental.\nMaterial history green eye hand analysis before. Traditional part at significant blue prove me.	13	10
141	2021-12-31	Unit simply image. Pressure step list senior. Inside spend ball relate represent company.\nResponsibility today future skill hotel. Since economic six control blood black. Among item with understand.	12	14
142	2021-12-31	Anything argue important commercial among firm. Open begin reality skill picture.\nHer child out bar. Authority enough low go tonight property crime.\nLow back second end. Go into size onto condition affect natural. Total fear without its value single spend.	12	8
143	2021-12-31	Send individual radio far per. Argue camera interesting. Approach imagine down wait real base better.\nOther me wait sit including soldier.\nGeneration fall enter. Near moment smile meet. Reach church within cost notice.\nCommon raise indeed reality.	16	7
144	2021-12-31	Hour consumer from throughout ever recent consider evidence. One woman her ten process strategy save.\nPerform decide record experience old position. Simply room pressure entire by always water.\nDog either management report doctor.	2	14
145	2021-12-31	Data land fund cell rich. Team somebody very sound officer realize road. Operation kind school speak end at scene remember.\nGive practice truth produce staff address.	9	7
146	2021-12-31	Production second her marriage movie act second fast.\nLast money situation draw marriage authority. Firm marriage young term.\nBecause blood kind wide claim. Series discussion amount finish.\nCentury fight compare week seat. Might particular behind visit first church according. Get game to hit.	16	21
147	2021-12-31	Nearly art adult particularly rise. Speak believe quickly until. Already choice Congress pattern him.\nCareer base job teacher actually name heart. Three speech teach sort pressure generation television.\nFriend pattern former generation get commercial industry.	17	18
148	2021-12-31	Name line financial need store. Population until loss claim commercial interesting research.\nOil pick my sound move. Six building return campaign wife.\nOpen while large somebody. Offer statement assume environment.\nLetter choose including also job. Full blue policy conference.	29	17
149	2021-12-31	Within that someone around official. At second whether. More fall maybe same. Congress man image seek much.\nThose technology free rise response lead ten. Age technology chair.	29	19
150	2021-12-15	Teacher particularly fact should. Window mother environment soon effort out peace.\nTend receive if. Focus increase these boy still pay.\nTeacher might important go sister finally protect. Probably few lose TV speak be stop.\nArrive career morning before. Get mission them cause rest continue color.	6	6
\.


--
-- Data for Name: django_admin_log; Type: TABLE DATA; Schema: public; Owner: -
--

COPY public.django_admin_log (id, action_time, object_id, object_repr, action_flag, change_message, content_type_id, user_id) FROM stdin;
\.


--
-- Data for Name: django_content_type; Type: TABLE DATA; Schema: public; Owner: -
--

COPY public.django_content_type (id, app_label, model) FROM stdin;
1	admin	logentry
2	auth	permission
3	auth	group
4	auth	user
5	contenttypes	contenttype
6	sessions	session
7	catalog	author
8	catalog	book
9	catalog	comment
10	orders	order
11	orders	orderitem
\.


--
-- Data for Name: django_migrations; Type: TABLE DATA; Schema: public; Owner: -
--

COPY public.django_migrations (id, app, name, applied) FROM stdin;
1	contenttypes	0001_initial	2021-12-18 22:33:35.589471+01
2	auth	0001_initial	2021-12-18 22:33:35.738403+01
3	admin	0001_initial	2021-12-18 22:33:35.779885+01
4	admin	0002_logentry_remove_auto_add	2021-12-18 22:33:35.804772+01
5	admin	0003_logentry_add_action_flag_choices	2021-12-18 22:33:35.8441+01
6	contenttypes	0002_remove_content_type_name	2021-12-18 22:33:35.904646+01
7	auth	0002_alter_permission_name_max_length	2021-12-18 22:33:35.934061+01
8	auth	0003_alter_user_email_max_length	2021-12-18 22:33:35.957959+01
9	auth	0004_alter_user_username_opts	2021-12-18 22:33:35.976876+01
10	auth	0005_alter_user_last_login_null	2021-12-18 22:33:36.003992+01
11	auth	0006_require_contenttypes_0002	2021-12-18 22:33:36.011574+01
12	auth	0007_alter_validators_add_error_messages	2021-12-18 22:33:36.041709+01
13	auth	0008_alter_user_username_max_length	2021-12-18 22:33:36.091934+01
14	auth	0009_alter_user_last_name_max_length	2021-12-18 22:33:36.114192+01
15	auth	0010_alter_group_name_max_length	2021-12-18 22:33:36.139675+01
16	auth	0011_update_proxy_permissions	2021-12-18 22:33:36.163993+01
17	auth	0012_alter_user_first_name_max_length	2021-12-18 22:33:36.182927+01
18	catalog	0001_initial	2021-12-18 22:33:36.295191+01
19	catalog	0002_rename_id_book_book_id	2021-12-18 22:33:36.326221+01
20	catalog	0003_alter_book_book_id	2021-12-18 22:33:36.364867+01
21	catalog	0004_rename_book_id_book_id	2021-12-18 22:33:36.397396+01
22	catalog	0005_alter_book_price	2021-12-18 22:33:36.430223+01
23	catalog	0006_alter_comment_book	2021-12-18 22:33:36.461112+01
24	catalog	0007_alter_book_price	2021-12-18 22:33:36.481719+01
25	catalog	0008_alter_book_price	2021-12-18 22:33:36.524644+01
26	catalog	0009_alter_book_price	2021-12-18 22:33:36.553001+01
27	catalog	0010_alter_book_price	2021-12-18 22:33:36.595495+01
28	orders	0001_initial	2021-12-18 22:33:36.683358+01
29	orders	0002_auto_20211206_1328	2021-12-18 22:33:36.746561+01
30	orders	0003_auto_20211210_1442	2021-12-18 22:33:36.777953+01
31	orders	0004_alter_order_created	2021-12-18 22:33:36.790682+01
32	sessions	0001_initial	2021-12-18 22:33:36.816628+01
\.


--
-- Data for Name: django_session; Type: TABLE DATA; Schema: public; Owner: -
--

COPY public.django_session (session_key, session_data, expire_date) FROM stdin;
\.


--
-- Data for Name: orders_order; Type: TABLE DATA; Schema: public; Owner: -
--

COPY public.orders_order (order_id, first_name, last_name, email, address, postal_code, city, created, updated, paid) FROM stdin;
\.


--
-- Data for Name: orders_orderitem; Type: TABLE DATA; Schema: public; Owner: -
--

COPY public.orders_orderitem (order_item_id, price, quantity, book_id, order_id) FROM stdin;
\.


--
-- Name: auth_group_id_seq; Type: SEQUENCE SET; Schema: public; Owner: -
--

SELECT pg_catalog.setval('public.auth_group_id_seq', 1, false);


--
-- Name: auth_group_permissions_id_seq; Type: SEQUENCE SET; Schema: public; Owner: -
--

SELECT pg_catalog.setval('public.auth_group_permissions_id_seq', 1, false);


--
-- Name: auth_permission_id_seq; Type: SEQUENCE SET; Schema: public; Owner: -
--

SELECT pg_catalog.setval('public.auth_permission_id_seq', 44, true);


--
-- Name: auth_user_groups_id_seq; Type: SEQUENCE SET; Schema: public; Owner: -
--

SELECT pg_catalog.setval('public.auth_user_groups_id_seq', 1, false);


--
-- Name: auth_user_id_seq; Type: SEQUENCE SET; Schema: public; Owner: -
--

SELECT pg_catalog.setval('public.auth_user_id_seq', 22, true);


--
-- Name: auth_user_user_permissions_id_seq; Type: SEQUENCE SET; Schema: public; Owner: -
--

SELECT pg_catalog.setval('public.auth_user_user_permissions_id_seq', 1, false);


--
-- Name: catalog_author_author_id_seq; Type: SEQUENCE SET; Schema: public; Owner: -
--

SELECT pg_catalog.setval('public.catalog_author_author_id_seq', 10, true);


--
-- Name: catalog_book_author_id_seq; Type: SEQUENCE SET; Schema: public; Owner: -
--

SELECT pg_catalog.setval('public.catalog_book_author_id_seq', 47, true);


--
-- Name: catalog_book_id_seq; Type: SEQUENCE SET; Schema: public; Owner: -
--

SELECT pg_catalog.setval('public.catalog_book_id_seq', 30, true);


--
-- Name: catalog_comment_comment_id_seq; Type: SEQUENCE SET; Schema: public; Owner: -
--

SELECT pg_catalog.setval('public.catalog_comment_comment_id_seq', 150, true);


--
-- Name: django_admin_log_id_seq; Type: SEQUENCE SET; Schema: public; Owner: -
--

SELECT pg_catalog.setval('public.django_admin_log_id_seq', 1, false);


--
-- Name: django_content_type_id_seq; Type: SEQUENCE SET; Schema: public; Owner: -
--

SELECT pg_catalog.setval('public.django_content_type_id_seq', 11, true);


--
-- Name: django_migrations_id_seq; Type: SEQUENCE SET; Schema: public; Owner: -
--

SELECT pg_catalog.setval('public.django_migrations_id_seq', 32, true);


--
-- Name: orders_order_order_id_seq; Type: SEQUENCE SET; Schema: public; Owner: -
--

SELECT pg_catalog.setval('public.orders_order_order_id_seq', 1, false);


--
-- Name: orders_orderitem_order_item_id_seq; Type: SEQUENCE SET; Schema: public; Owner: -
--

SELECT pg_catalog.setval('public.orders_orderitem_order_item_id_seq', 1, false);


--
-- Name: auth_group auth_group_name_key; Type: CONSTRAINT; Schema: public; Owner: -
--

ALTER TABLE ONLY public.auth_group
    ADD CONSTRAINT auth_group_name_key UNIQUE (name);


--
-- Name: auth_group_permissions auth_group_permissions_group_id_permission_id_0cd325b0_uniq; Type: CONSTRAINT; Schema: public; Owner: -
--

ALTER TABLE ONLY public.auth_group_permissions
    ADD CONSTRAINT auth_group_permissions_group_id_permission_id_0cd325b0_uniq UNIQUE (group_id, permission_id);


--
-- Name: auth_group_permissions auth_group_permissions_pkey; Type: CONSTRAINT; Schema: public; Owner: -
--

ALTER TABLE ONLY public.auth_group_permissions
    ADD CONSTRAINT auth_group_permissions_pkey PRIMARY KEY (id);


--
-- Name: auth_group auth_group_pkey; Type: CONSTRAINT; Schema: public; Owner: -
--

ALTER TABLE ONLY public.auth_group
    ADD CONSTRAINT auth_group_pkey PRIMARY KEY (id);


--
-- Name: auth_permission auth_permission_content_type_id_codename_01ab375a_uniq; Type: CONSTRAINT; Schema: public; Owner: -
--

ALTER TABLE ONLY public.auth_permission
    ADD CONSTRAINT auth_permission_content_type_id_codename_01ab375a_uniq UNIQUE (content_type_id, codename);


--
-- Name: auth_permission auth_permission_pkey; Type: CONSTRAINT; Schema: public; Owner: -
--

ALTER TABLE ONLY public.auth_permission
    ADD CONSTRAINT auth_permission_pkey PRIMARY KEY (id);


--
-- Name: auth_user_groups auth_user_groups_pkey; Type: CONSTRAINT; Schema: public; Owner: -
--

ALTER TABLE ONLY public.auth_user_groups
    ADD CONSTRAINT auth_user_groups_pkey PRIMARY KEY (id);


--
-- Name: auth_user_groups auth_user_groups_user_id_group_id_94350c0c_uniq; Type: CONSTRAINT; Schema: public; Owner: -
--

ALTER TABLE ONLY public.auth_user_groups
    ADD CONSTRAINT auth_user_groups_user_id_group_id_94350c0c_uniq UNIQUE (user_id, group_id);


--
-- Name: auth_user auth_user_pkey; Type: CONSTRAINT; Schema: public; Owner: -
--

ALTER TABLE ONLY public.auth_user
    ADD CONSTRAINT auth_user_pkey PRIMARY KEY (id);


--
-- Name: auth_user_user_permissions auth_user_user_permissions_pkey; Type: CONSTRAINT; Schema: public; Owner: -
--

ALTER TABLE ONLY public.auth_user_user_permissions
    ADD CONSTRAINT auth_user_user_permissions_pkey PRIMARY KEY (id);


--
-- Name: auth_user_user_permissions auth_user_user_permissions_user_id_permission_id_14a6b632_uniq; Type: CONSTRAINT; Schema: public; Owner: -
--

ALTER TABLE ONLY public.auth_user_user_permissions
    ADD CONSTRAINT auth_user_user_permissions_user_id_permission_id_14a6b632_uniq UNIQUE (user_id, permission_id);


--
-- Name: auth_user auth_user_username_key; Type: CONSTRAINT; Schema: public; Owner: -
--

ALTER TABLE ONLY public.auth_user
    ADD CONSTRAINT auth_user_username_key UNIQUE (username);


--
-- Name: catalog_author catalog_author_pkey; Type: CONSTRAINT; Schema: public; Owner: -
--

ALTER TABLE ONLY public.catalog_author
    ADD CONSTRAINT catalog_author_pkey PRIMARY KEY (author_id);


--
-- Name: catalog_book_author catalog_book_author_book_id_author_id_6fa31ecf_uniq; Type: CONSTRAINT; Schema: public; Owner: -
--

ALTER TABLE ONLY public.catalog_book_author
    ADD CONSTRAINT catalog_book_author_book_id_author_id_6fa31ecf_uniq UNIQUE (book_id, author_id);


--
-- Name: catalog_book_author catalog_book_author_pkey; Type: CONSTRAINT; Schema: public; Owner: -
--

ALTER TABLE ONLY public.catalog_book_author
    ADD CONSTRAINT catalog_book_author_pkey PRIMARY KEY (id);


--
-- Name: catalog_book catalog_book_isbn_key; Type: CONSTRAINT; Schema: public; Owner: -
--

ALTER TABLE ONLY public.catalog_book
    ADD CONSTRAINT catalog_book_isbn_key UNIQUE (isbn);


--
-- Name: catalog_book catalog_book_pkey; Type: CONSTRAINT; Schema: public; Owner: -
--

ALTER TABLE ONLY public.catalog_book
    ADD CONSTRAINT catalog_book_pkey PRIMARY KEY (id);


--
-- Name: catalog_book catalog_book_slug_key; Type: CONSTRAINT; Schema: public; Owner: -
--

ALTER TABLE ONLY public.catalog_book
    ADD CONSTRAINT catalog_book_slug_key UNIQUE (slug);


--
-- Name: catalog_comment catalog_comment_pkey; Type: CONSTRAINT; Schema: public; Owner: -
--

ALTER TABLE ONLY public.catalog_comment
    ADD CONSTRAINT catalog_comment_pkey PRIMARY KEY (comment_id);


--
-- Name: django_admin_log django_admin_log_pkey; Type: CONSTRAINT; Schema: public; Owner: -
--

ALTER TABLE ONLY public.django_admin_log
    ADD CONSTRAINT django_admin_log_pkey PRIMARY KEY (id);


--
-- Name: django_content_type django_content_type_app_label_model_76bd3d3b_uniq; Type: CONSTRAINT; Schema: public; Owner: -
--

ALTER TABLE ONLY public.django_content_type
    ADD CONSTRAINT django_content_type_app_label_model_76bd3d3b_uniq UNIQUE (app_label, model);


--
-- Name: django_content_type django_content_type_pkey; Type: CONSTRAINT; Schema: public; Owner: -
--

ALTER TABLE ONLY public.django_content_type
    ADD CONSTRAINT django_content_type_pkey PRIMARY KEY (id);


--
-- Name: django_migrations django_migrations_pkey; Type: CONSTRAINT; Schema: public; Owner: -
--

ALTER TABLE ONLY public.django_migrations
    ADD CONSTRAINT django_migrations_pkey PRIMARY KEY (id);


--
-- Name: django_session django_session_pkey; Type: CONSTRAINT; Schema: public; Owner: -
--

ALTER TABLE ONLY public.django_session
    ADD CONSTRAINT django_session_pkey PRIMARY KEY (session_key);


--
-- Name: orders_order orders_order_pkey; Type: CONSTRAINT; Schema: public; Owner: -
--

ALTER TABLE ONLY public.orders_order
    ADD CONSTRAINT orders_order_pkey PRIMARY KEY (order_id);


--
-- Name: orders_orderitem orders_orderitem_pkey; Type: CONSTRAINT; Schema: public; Owner: -
--

ALTER TABLE ONLY public.orders_orderitem
    ADD CONSTRAINT orders_orderitem_pkey PRIMARY KEY (order_item_id);


--
-- Name: auth_group_name_a6ea08ec_like; Type: INDEX; Schema: public; Owner: -
--

CREATE INDEX auth_group_name_a6ea08ec_like ON public.auth_group USING btree (name varchar_pattern_ops);


--
-- Name: auth_group_permissions_group_id_b120cbf9; Type: INDEX; Schema: public; Owner: -
--

CREATE INDEX auth_group_permissions_group_id_b120cbf9 ON public.auth_group_permissions USING btree (group_id);


--
-- Name: auth_group_permissions_permission_id_84c5c92e; Type: INDEX; Schema: public; Owner: -
--

CREATE INDEX auth_group_permissions_permission_id_84c5c92e ON public.auth_group_permissions USING btree (permission_id);


--
-- Name: auth_permission_content_type_id_2f476e4b; Type: INDEX; Schema: public; Owner: -
--

CREATE INDEX auth_permission_content_type_id_2f476e4b ON public.auth_permission USING btree (content_type_id);


--
-- Name: auth_user_groups_group_id_97559544; Type: INDEX; Schema: public; Owner: -
--

CREATE INDEX auth_user_groups_group_id_97559544 ON public.auth_user_groups USING btree (group_id);


--
-- Name: auth_user_groups_user_id_6a12ed8b; Type: INDEX; Schema: public; Owner: -
--

CREATE INDEX auth_user_groups_user_id_6a12ed8b ON public.auth_user_groups USING btree (user_id);


--
-- Name: auth_user_user_permissions_permission_id_1fbb5f2c; Type: INDEX; Schema: public; Owner: -
--

CREATE INDEX auth_user_user_permissions_permission_id_1fbb5f2c ON public.auth_user_user_permissions USING btree (permission_id);


--
-- Name: auth_user_user_permissions_user_id_a95ead1b; Type: INDEX; Schema: public; Owner: -
--

CREATE INDEX auth_user_user_permissions_user_id_a95ead1b ON public.auth_user_user_permissions USING btree (user_id);


--
-- Name: auth_user_username_6821ab7c_like; Type: INDEX; Schema: public; Owner: -
--

CREATE INDEX auth_user_username_6821ab7c_like ON public.auth_user USING btree (username varchar_pattern_ops);


--
-- Name: catalog_book_author_author_id_7cb75b74; Type: INDEX; Schema: public; Owner: -
--

CREATE INDEX catalog_book_author_author_id_7cb75b74 ON public.catalog_book_author USING btree (author_id);


--
-- Name: catalog_book_author_book_id_c16d17b8; Type: INDEX; Schema: public; Owner: -
--

CREATE INDEX catalog_book_author_book_id_c16d17b8 ON public.catalog_book_author USING btree (book_id);


--
-- Name: catalog_book_isbn_30805834_like; Type: INDEX; Schema: public; Owner: -
--

CREATE INDEX catalog_book_isbn_30805834_like ON public.catalog_book USING btree (isbn varchar_pattern_ops);


--
-- Name: catalog_book_slug_4eebf644_like; Type: INDEX; Schema: public; Owner: -
--

CREATE INDEX catalog_book_slug_4eebf644_like ON public.catalog_book USING btree (slug varchar_pattern_ops);


--
-- Name: catalog_comment_book_id_d8d57b4b; Type: INDEX; Schema: public; Owner: -
--

CREATE INDEX catalog_comment_book_id_d8d57b4b ON public.catalog_comment USING btree (book_id);


--
-- Name: catalog_comment_user_id_30926d6e; Type: INDEX; Schema: public; Owner: -
--

CREATE INDEX catalog_comment_user_id_30926d6e ON public.catalog_comment USING btree (user_id);


--
-- Name: django_admin_log_content_type_id_c4bce8eb; Type: INDEX; Schema: public; Owner: -
--

CREATE INDEX django_admin_log_content_type_id_c4bce8eb ON public.django_admin_log USING btree (content_type_id);


--
-- Name: django_admin_log_user_id_c564eba6; Type: INDEX; Schema: public; Owner: -
--

CREATE INDEX django_admin_log_user_id_c564eba6 ON public.django_admin_log USING btree (user_id);


--
-- Name: django_session_expire_date_a5c62663; Type: INDEX; Schema: public; Owner: -
--

CREATE INDEX django_session_expire_date_a5c62663 ON public.django_session USING btree (expire_date);


--
-- Name: django_session_session_key_c0390e0f_like; Type: INDEX; Schema: public; Owner: -
--

CREATE INDEX django_session_session_key_c0390e0f_like ON public.django_session USING btree (session_key varchar_pattern_ops);


--
-- Name: orders_orderitem_book_id_ed013cad; Type: INDEX; Schema: public; Owner: -
--

CREATE INDEX orders_orderitem_book_id_ed013cad ON public.orders_orderitem USING btree (book_id);


--
-- Name: orders_orderitem_order_id_fe61a34d; Type: INDEX; Schema: public; Owner: -
--

CREATE INDEX orders_orderitem_order_id_fe61a34d ON public.orders_orderitem USING btree (order_id);


--
-- Name: auth_group_permissions auth_group_permissio_permission_id_84c5c92e_fk_auth_perm; Type: FK CONSTRAINT; Schema: public; Owner: -
--

ALTER TABLE ONLY public.auth_group_permissions
    ADD CONSTRAINT auth_group_permissio_permission_id_84c5c92e_fk_auth_perm FOREIGN KEY (permission_id) REFERENCES public.auth_permission(id) DEFERRABLE INITIALLY DEFERRED;


--
-- Name: auth_group_permissions auth_group_permissions_group_id_b120cbf9_fk_auth_group_id; Type: FK CONSTRAINT; Schema: public; Owner: -
--

ALTER TABLE ONLY public.auth_group_permissions
    ADD CONSTRAINT auth_group_permissions_group_id_b120cbf9_fk_auth_group_id FOREIGN KEY (group_id) REFERENCES public.auth_group(id) DEFERRABLE INITIALLY DEFERRED;


--
-- Name: auth_permission auth_permission_content_type_id_2f476e4b_fk_django_co; Type: FK CONSTRAINT; Schema: public; Owner: -
--

ALTER TABLE ONLY public.auth_permission
    ADD CONSTRAINT auth_permission_content_type_id_2f476e4b_fk_django_co FOREIGN KEY (content_type_id) REFERENCES public.django_content_type(id) DEFERRABLE INITIALLY DEFERRED;


--
-- Name: auth_user_groups auth_user_groups_group_id_97559544_fk_auth_group_id; Type: FK CONSTRAINT; Schema: public; Owner: -
--

ALTER TABLE ONLY public.auth_user_groups
    ADD CONSTRAINT auth_user_groups_group_id_97559544_fk_auth_group_id FOREIGN KEY (group_id) REFERENCES public.auth_group(id) DEFERRABLE INITIALLY DEFERRED;


--
-- Name: auth_user_groups auth_user_groups_user_id_6a12ed8b_fk_auth_user_id; Type: FK CONSTRAINT; Schema: public; Owner: -
--

ALTER TABLE ONLY public.auth_user_groups
    ADD CONSTRAINT auth_user_groups_user_id_6a12ed8b_fk_auth_user_id FOREIGN KEY (user_id) REFERENCES public.auth_user(id) DEFERRABLE INITIALLY DEFERRED;


--
-- Name: auth_user_user_permissions auth_user_user_permi_permission_id_1fbb5f2c_fk_auth_perm; Type: FK CONSTRAINT; Schema: public; Owner: -
--

ALTER TABLE ONLY public.auth_user_user_permissions
    ADD CONSTRAINT auth_user_user_permi_permission_id_1fbb5f2c_fk_auth_perm FOREIGN KEY (permission_id) REFERENCES public.auth_permission(id) DEFERRABLE INITIALLY DEFERRED;


--
-- Name: auth_user_user_permissions auth_user_user_permissions_user_id_a95ead1b_fk_auth_user_id; Type: FK CONSTRAINT; Schema: public; Owner: -
--

ALTER TABLE ONLY public.auth_user_user_permissions
    ADD CONSTRAINT auth_user_user_permissions_user_id_a95ead1b_fk_auth_user_id FOREIGN KEY (user_id) REFERENCES public.auth_user(id) DEFERRABLE INITIALLY DEFERRED;


--
-- Name: catalog_book_author catalog_book_author_author_id_7cb75b74_fk_catalog_a; Type: FK CONSTRAINT; Schema: public; Owner: -
--

ALTER TABLE ONLY public.catalog_book_author
    ADD CONSTRAINT catalog_book_author_author_id_7cb75b74_fk_catalog_a FOREIGN KEY (author_id) REFERENCES public.catalog_author(author_id) DEFERRABLE INITIALLY DEFERRED;


--
-- Name: catalog_book_author catalog_book_author_book_id_c16d17b8_fk_catalog_book_id; Type: FK CONSTRAINT; Schema: public; Owner: -
--

ALTER TABLE ONLY public.catalog_book_author
    ADD CONSTRAINT catalog_book_author_book_id_c16d17b8_fk_catalog_book_id FOREIGN KEY (book_id) REFERENCES public.catalog_book(id) DEFERRABLE INITIALLY DEFERRED;


--
-- Name: catalog_comment catalog_comment_book_id_d8d57b4b_fk_catalog_book_id; Type: FK CONSTRAINT; Schema: public; Owner: -
--

ALTER TABLE ONLY public.catalog_comment
    ADD CONSTRAINT catalog_comment_book_id_d8d57b4b_fk_catalog_book_id FOREIGN KEY (book_id) REFERENCES public.catalog_book(id) DEFERRABLE INITIALLY DEFERRED;


--
-- Name: catalog_comment catalog_comment_user_id_30926d6e_fk_auth_user_id; Type: FK CONSTRAINT; Schema: public; Owner: -
--

ALTER TABLE ONLY public.catalog_comment
    ADD CONSTRAINT catalog_comment_user_id_30926d6e_fk_auth_user_id FOREIGN KEY (user_id) REFERENCES public.auth_user(id) DEFERRABLE INITIALLY DEFERRED;


--
-- Name: django_admin_log django_admin_log_content_type_id_c4bce8eb_fk_django_co; Type: FK CONSTRAINT; Schema: public; Owner: -
--

ALTER TABLE ONLY public.django_admin_log
    ADD CONSTRAINT django_admin_log_content_type_id_c4bce8eb_fk_django_co FOREIGN KEY (content_type_id) REFERENCES public.django_content_type(id) DEFERRABLE INITIALLY DEFERRED;


--
-- Name: django_admin_log django_admin_log_user_id_c564eba6_fk_auth_user_id; Type: FK CONSTRAINT; Schema: public; Owner: -
--

ALTER TABLE ONLY public.django_admin_log
    ADD CONSTRAINT django_admin_log_user_id_c564eba6_fk_auth_user_id FOREIGN KEY (user_id) REFERENCES public.auth_user(id) DEFERRABLE INITIALLY DEFERRED;


--
-- Name: orders_orderitem orders_orderitem_book_id_ed013cad_fk_catalog_book_id; Type: FK CONSTRAINT; Schema: public; Owner: -
--

ALTER TABLE ONLY public.orders_orderitem
    ADD CONSTRAINT orders_orderitem_book_id_ed013cad_fk_catalog_book_id FOREIGN KEY (book_id) REFERENCES public.catalog_book(id) DEFERRABLE INITIALLY DEFERRED;


--
-- Name: orders_orderitem orders_orderitem_order_id_fe61a34d_fk_orders_order_order_id; Type: FK CONSTRAINT; Schema: public; Owner: -
--

ALTER TABLE ONLY public.orders_orderitem
    ADD CONSTRAINT orders_orderitem_order_id_fe61a34d_fk_orders_order_order_id FOREIGN KEY (order_id) REFERENCES public.orders_order(order_id) DEFERRABLE INITIALLY DEFERRED;


--
-- PostgreSQL database dump complete
--

